"Name","Source","Page","Level","Casting Time","Duration","School","Range","Components","Classes","Optional/Variant Classes","Subclasses","Text","At Higher Levels"
"Abi-Dalzim's Horrid Wilting","XGE","150","8th","Action","Instantaneous","Necromancy","150 feet","V, S, M (a bit of sponge)","","Sorcerer (PHB'14), Sorcerer (PHB'24), Wizard (PHB'14), Wizard (PHB'24)","Arcana (SCAG) Cleric, Arcana (SCAG) Cleric","You draw the moisture from every creature in a 30-foot cube centered on a point you choose within range. Each creature in that area must make a Constitution saving throw. Constructs and undead aren't affected, and plants and water elementals make this saving throw with disadvantage. A creature takes 12d8 necrotic damage on a failed save, or half as much damage on a successful one.

Nonmagical plants in the area that aren't creatures, such as trees and shrubs, wither and die instantly.",""
"Absorb Elements","XGE","150","1st","Reaction","1 round","Abjuration","Self","S","","Artificer (TCE), Artificer (EFA), Druid (PHB'14), Druid (PHB'24), Ranger (PHB'14), Ranger (PHB'24), Sorcerer (PHB'14), Sorcerer (PHB'24), Wizard (PHB'14), Wizard (PHB'24)","Abjurer (PHB'24) Wizard, Arcane Trickster (PHB'24) Rogue, Arcane Trickster (PHB'14) Rogue, Lore (PHB'24) Bard, Eldritch Knight (PHB'24) Fighter, Eldritch Knight (PHB'14) Fighter","The spell captures some of the incoming energy, lessening its effect on you and storing it for your next melee attack. You have resistance to the triggering damage type until the start of your next turn. Also, the first time you hit with a melee attack on your next turn, the target takes an extra 1d6 damage of the triggering type, and the spell ends.","At Higher Levels. When you cast this spell using a spell slot of 2nd level or higher, the extra damage increases by 1d6 for each slot level above 1st."
"Acid Splash","PHB'24","239","Cantrip","Action","Instantaneous","Evocation","60 feet","V, S","Artificer (EFA), Sorcerer (PHB'24), Wizard (PHB'24)","","Arcana (SCAG) Cleric, Arcana (SCAG) Cleric, Arcane Trickster (PHB'24) Rogue, Arcane Trickster (PHB'14) Rogue, Land (Tropical Land) (PHB'24) Druid, Lore (PHB'24) Bard, Eldritch Knight (PHB'24) Fighter, Eldritch Knight (PHB'14) Fighter, Evoker (PHB'24) Wizard","You create an acidic bubble at a point within range, where it explodes in a 5-foot-radius Sphere. Each creature in that Sphere must succeed on a Dexterity saving throw or take 1d6 Acid damage.","Cantrip Upgrade. The damage increases by 1d6 when you reach levels 5 (2d6), 11 (3d6), and 17 (4d6)."
"Aganazzar's Scorcher","XGE","150","2nd","Action","Instantaneous","Evocation","30 feet","V, S, M (a red dragon's scale)","","Sorcerer (PHB'14), Sorcerer (PHB'24), Wizard (PHB'14), Wizard (PHB'24)","Arcane Trickster (PHB'24) Rogue, Arcane Trickster (PHB'14) Rogue, Lore (PHB'24) Bard, Eldritch Knight (PHB'24) Fighter, Eldritch Knight (PHB'14) Fighter, Evoker (PHB'24) Wizard","A line of roaring flame 30 feet long and 5 feet wide emanates from you in a direction you choose. Each creature in the line must make a Dexterity saving throw. A creature takes 3d8 fire damage on a failed save, or half as much damage on a successful one.","At Higher Levels. When you cast this spell using a spell slot of 3rd level or higher, the damage increases by 1d8 for each slot level above 2nd."
"Air Bubble","AAG","22","2nd","Action","24 hours","Conjuration","60 feet","S","Artificer (TCE), Artificer (EFA), Druid (PHB'14), Druid (PHB'24), Ranger (PHB'14), Ranger (PHB'24), Sorcerer (PHB'14), Sorcerer (PHB'24), Wizard (PHB'14), Wizard (PHB'24)","","Arcane Trickster (PHB'24) Rogue, Arcane Trickster (PHB'14) Rogue, Lore (PHB'24) Bard, Eldritch Knight (PHB'24) Fighter, Eldritch Knight (PHB'14) Fighter","You create a spectral globe around the head of a willing creature you can see within range. The globe is filled with fresh air that lasts until the spell ends. If the creature has more than one head, the globe of air appears around only one of its heads (which is all the creature needs to avoid suffocation, assuming that all its heads share the same respiratory system).","At Higher Levels. When you cast this spell using a spell slot of 3rd level or higher, you can create two additional globes of fresh air for each slot level above 2nd."
"Alter Self","PHB'24","239","2nd","Action","Concentration, up to 1 hour","Transmutation","Self","V, S","Artificer (EFA), Sorcerer (PHB'24), Wizard (PHB'24)","","Arcane Trickster (PHB'24) Rogue, Arcane Trickster (PHB'14) Rogue, Moon (PHB'14) Druid, Lore (PHB'24) Bard, Draconic (PHB'24) Sorcerer, Eldritch Knight (PHB'24) Fighter, Eldritch Knight (PHB'14) Fighter, Hollow Warden (RHW) Ranger, Lunar (DSotDQ) Sorcerer, Lunar (DSotDQ) Sorcerer","You alter your physical form. Choose one of the following options. Its effects last for the duration, during which you can take a Magic action to replace the option you chose with a different one.

Aquatic Adaptation. You sprout gills and grow webs between your fingers. You can breathe underwater and gain a Swim Speed equal to your Speed.

Change Appearance. You alter your appearance. You decide what you look like, including your height, weight, facial features, sound of your voice, hair length, coloration, and other distinguishing characteristics. You can make yourself appear as a member of another species, though none of your statistics change. You can't appear as a creature of a different size, and your basic shape stays the same; if you're bipedal, you can't use this spell to become quadrupedal, for instance. For the duration, you can take a Magic action to change your appearance in this way again.

Natural Weapons. You grow claws (Slashing), fangs (Piercing), horns (Piercing), or hooves (Bludgeoning). When you use your Unarmed Strike to deal damage with that new growth, it deals 1d6 damage of the type in parentheses instead of dealing the normal damage for your Unarmed Strike, and you use your spellcasting ability modifier for the attack and damage rolls rather than using Strength.",""
"Ancestral Communion","TCM'24","125","1st","Action","Concentration, up to 1 minute","Divination","Self","V, S","Cleric (PHB'24), Druid (PHB'24), Ranger (PHB'24), Sorcerer (PHB'24)","","Old Ways (TCM'24) Druid","You invoke the wisdom of your ancestors to gain insight into your trials. When you cast the spell, and at the start of each of your turns for the duration, you gain Heroic Inspiration if you don't already have it.",""
"Animate Objects","PHB'24","240","5th","Action","Concentration, up to 1 minute","Transmutation","120 feet","V, S","Artificer (EFA), Bard (PHB'24), Sorcerer (PHB'24), Wizard (PHB'24)","","Forge (XGE) Cleric, Forge (XGE) Cleric","Objects animate at your command. Choose a number of nonmagical objects within range that aren't being worn or carried, aren't fixed to a surface, and aren't Gargantuan. The maximum number of objects is equal to your spellcasting ability modifier; for this number, a Medium or smaller target counts as one object, a Large target counts as two, and a Huge target counts as three.

Each target animates, sprouts legs, and becomes a Construct that uses the Animated Object stat block; this creature is under your control until the spell ends or until it is reduced to 0 Hit Points. Each creature you make with this spell is an ally to you and your allies. In combat, it shares your Initiative count and takes its turn immediately after yours.

Until the spell ends, you can take a Bonus Action to mentally command any creature you made with this spell if the creature is within 500 feet of you (if you control multiple creatures, you can command any of them at the same time, issuing the same command to each one). If you issue no commands, the creature takes the Dodge action and moves only to avoid harm. When the creature drops to 0 Hit Points, it reverts to its object form, and any remaining damage carries over to that form.","Using a Higher-Level Spell Slot. The creature's Slam damage increases by 1d4 (Medium or smaller), 1d6 (Large), or 1d12 (Huge) for each spell slot level above 5."
"Antagonize","BMT","50","3rd","Action","Instantaneous","Enchantment","30 feet","V, S, M (a playing card depicting a rogue)","","Bard (PHB'14), Bard (PHB'24), Sorcerer (PHB'14), Sorcerer (PHB'24), Warlock (PHB'14), Warlock (PHB'24), Wizard (PHB'14), Wizard (PHB'24)","Arcane Trickster (PHB'24) Rogue, Arcane Trickster (PHB'14) Rogue, Lore (PHB'24) Bard, Eldritch Knight (PHB'24) Fighter, Eldritch Knight (PHB'14) Fighter","You whisper magical words that antagonize one creature of your choice within range. The target must make a Wisdom saving throw. On a failed save, the target takes 4d4 psychic damage and must immediately use its reaction to make a melee attack against another creature of your choice that you can see. If the target can't make this attack (for example, because there is no one within its reach or because its reaction is unavailable), the target instead has disadvantage on the next attack roll it makes before the start of your next turn. On a successful save, the target takes half as much damage only.","At Higher Levels. When you cast this spell using a spell slot of 4th level or higher, the damage increases by 1d4 for each slot level above 3rd."
"Arcane Gate","PHB'24","242","6th","Action","Concentration, up to 10 minutes","Conjuration","500 feet","V, S","Sorcerer (PHB'24), Warlock (PHB'24), Wizard (PHB'24)","","Arcana (SCAG) Cleric, Arcana (SCAG) Cleric","You create linked teleportation portals. Choose two Large, unoccupied spaces on the ground that you can see, one space within range and the other one within 10 feet of you. A circular portal opens in each of those spaces and remains for the duration.

The portals are two-dimensional glowing rings filled with mist that blocks sight. They hover inches from the ground and are perpendicular to it.

A portal is open on only one side (you choose which). Anything entering the open side of a portal exits from the open side of the other portal as if the two were adjacent to each other. As a Bonus Action, you can change the facing of the open sides.",""
"Arcane Vigor","PHB'24","242","2nd","Bonus","Instantaneous","Abjuration","Self","V, S","Artificer (EFA), Sorcerer (PHB'24), Wizard (PHB'24)","","Abjurer (PHB'24) Wizard, Arcane Trickster (PHB'24) Rogue, Arcane Trickster (PHB'14) Rogue, Lore (PHB'24) Bard, Eldritch Knight (PHB'24) Fighter, Eldritch Knight (PHB'14) Fighter","You tap into your life force to heal yourself. Roll one or two of your unexpended Hit Point Dice, and regain a number of Hit Points equal to the roll's total plus your spellcasting ability modifier. Those dice are then expended.","Using a Higher-Level Spell Slot. The number of unexpended Hit Dice you can roll increases by one for each spell slot level above 2."
"Ashardalon's Stride","FTD","19","3rd","Bonus","Concentration, up to 1 minute","Transmutation","Self","V, S","","Artificer (TCE), Artificer (EFA), Ranger (PHB'14), Ranger (PHB'24), Sorcerer (PHB'14), Sorcerer (PHB'24), Wizard (PHB'14), Wizard (PHB'24)","Arcane Trickster (PHB'24) Rogue, Arcane Trickster (PHB'14) Rogue, Lore (PHB'24) Bard, Eldritch Knight (PHB'24) Fighter, Eldritch Knight (PHB'14) Fighter","The billowing flames of a dragon blast from your feet, granting you explosive speed. For the duration, your speed increases by 20 feet and moving doesn't provoke opportunity attacks.

When you move within 5 feet of a creature or an object that isn't being worn or carried, it takes 1d6 fire damage from your trail of heat. A creature or object can take this damage only once during a turn.","At Higher Levels. When you cast this spell using a spell slot of 4th level or higher, increase your speed by 5 feet for each spell slot level above 3rd. The spell deals an additional 1d6 fire damage for each slot level above 3rd."
"Backlash","FRHoF","142","4th","Reaction","Instantaneous","Abjuration","60 feet","V","Bard (PHB'24), Sorcerer (PHB'24), Warlock (PHB'24), Wizard (PHB'24)","","Abjurer (PHB'24) Wizard, Arcane Trickster (PHB'14) Rogue, Arcane Trickster (PHB'24) Rogue, Eldritch Knight (PHB'14) Fighter, Eldritch Knight (PHB'24) Fighter","You ward yourself against destructive energy, reducing the damage taken by 4d6 plus your spellcasting ability modifier.

If the triggering damage was from a creature within range, you can force the creature to make a Constitution saving throw. The creature takes 4d6 Force damage on a failed save or half as much damage on a successful one.","Using a Higher-Level Spell Slot. The damage reduction and Force damage from this spell both increase by 1d6 for every spell slot level above 4."
"Banishment","PHB'24","245","4th","Action","Concentration, up to 1 minute","Abjuration","30 feet","V, S, M (a pentacle)","Cleric (PHB'24), Paladin (PHB'24), Sorcerer (PHB'24), Warlock (PHB'24), Wizard (PHB'24)","","Abjurer (PHB'24) Wizard, Arcane Trickster (PHB'24) Rogue, Arcane Trickster (PHB'14) Rogue, Cartographer (EFA) Artificer, Divine Soul (XGE) Sorcerer, Divine Soul (XGE) Sorcerer, Eldritch Knight (PHB'24) Fighter, Eldritch Knight (PHB'14) Fighter, Horizon Walker (XGE) Ranger, Horizon Walker (XGE) Ranger, Knowledge (FRHoF) Cleric, Monster Slayer (XGE) Ranger, Monster Slayer (XGE) Ranger, Vengeance (PHB'24) Paladin, Vengeance (PHB'14) Paladin, Crown (SCAG) Paladin, Crown (SCAG) Paladin, Watchers (TCE) Paladin, Watchers (TCE) Paladin, Spell Scorned (CBT) Barbarian","One creature that you can see within range must succeed on a Charisma saving throw or be transported to a harmless demiplane for the duration. While there, the target has the Incapacitated condition. When the spell ends, the target reappears in the space it left or in the nearest unoccupied space if that space is occupied.

If the target is an Aberration, a Celestial, an Elemental, a Fey, or a Fiend, the target doesn't return if the spell lasts for 1 minute. The target is instead transported to a random location on a plane (DM's choice) associated with its creature type.","Using a Higher-Level Spell Slot. You can target one additional creature for each spell slot level above 4."
"Bigby's Hand","PHB'24","246","5th","Action","Concentration, up to 1 minute","Evocation","120 feet","V, S, M (an eggshell and a glove)","Artificer (EFA), Sorcerer (PHB'24), Wizard (PHB'24)","","Evoker (PHB'24) Wizard, Great Fool (TCM'24) Warlock, Fathomless (TCE) Warlock, Fathomless (TCE) Warlock, Great Fool (TCM'14) Warlock, Great Fool (TCM'14) Warlock","You create a Large hand of shimmering magical energy in an unoccupied space that you can see within range. The hand lasts for the duration, and it moves at your command, mimicking the movements of your own hand.

The hand is an object that has AC 20 and Hit Points equal to your Hit Point maximum. If it drops to 0 Hit Points, the spell ends. The hand doesn't occupy its space.

When you cast the spell and as a Bonus Action on your later turns, you can move the hand up to 60 feet and then cause one of the following effects:

Clenched Fist. The hand strikes a target within 5 feet of it. Make a melee spell attack. On a hit, the target takes 5d8 Force damage.

Forceful Hand. The hand attempts to push a Huge or smaller creature within 5 feet of it. The target must succeed on a Strength saving throw, or the hand pushes the target up to 5 feet plus a number of feet equal to five times your spellcasting ability modifier. The hand moves with the target, remaining within 5 feet of it.

Grasping Hand. The hand attempts to grapple a Huge or smaller creature within 5 feet of it. The target must succeed on a Dexterity saving throw, or the target has the Grappled condition, with an escape DC equal to your spell save DC. While the hand grapples the target, you can take a Bonus Action to cause the hand to crush it, dealing Bludgeoning damage to the target equal to 4d6 plus your spellcasting ability modifier.

Interposing Hand. The hand grants you Half Cover against attacks and other effects that originate from its space or that pass through it. In addition, its space counts as Difficult Terrain for your enemies.","Using a Higher-Level Spell Slot. The damage of the Clenched Fist increases by 2d8 and the damage of the Grasping Hand increases by 2d6 for each spell slot level above 5."
"Blade Ward","PHB'24","247","Cantrip","Action","Concentration, up to 1 minute","Abjuration","Self","V, S","Bard (PHB'24), Sorcerer (PHB'24), Warlock (PHB'24), Wizard (PHB'24)","","Abjurer (PHB'24) Wizard, Arcana (SCAG) Cleric, Arcana (SCAG) Cleric, Arcane Trickster (PHB'24) Rogue, Arcane Trickster (PHB'14) Rogue, Lore (PHB'24) Bard, Eldritch Knight (PHB'24) Fighter, Eldritch Knight (PHB'14) Fighter, Scion of the Three (FRHoF) Rogue","Whenever a creature makes an attack roll against you before the spell ends, the attacker subtracts 1d4 from the attack roll.",""
"Blade of Disaster","FRHoF","143","9th","Bonus","Concentration, up to 1 minute","Conjuration","60 feet","V, S","Sorcerer (PHB'24), Warlock (PHB'24), Wizard (PHB'24)","","Arcana (SCAG) Cleric, Arcana (SCAG) Cleric","You create a 3-foot-long blade-shaped planar rift that lasts for the duration. The rift appears within range in a space of your choice, and you can immediately make up to two melee spell attacks, each one against a creature or object within 5 feet of the rift. On a hit, the target takes 10d6 Force damage. This attack scores a Critical Hit if the number on the d20 is 18 or higher.

As a Bonus Action on your later turns, you can move the rift up to 60 feet and repeat the two attacks against a creature or an object within 5 feet of it. You can direct the attacks at the same target or at different ones.

The blade can harmlessly pass through any barrier, including ones created by spells like Wall of Force.",""
"Blight","PHB'24","247","4th","Action","Instantaneous","Necromancy","30 feet","V, S","Druid (PHB'24), Sorcerer (PHB'24), Warlock (PHB'24), Wizard (PHB'24)","","Alchemist (TCE) Artificer, Apocalypse (CBT) Cleric, Arcane Trickster (PHB'14) Rogue, Arcane Trickster (PHB'24) Rogue, Spores (TCE) Druid, Spores (TCE) Druid, Land (Desert) (PHB'14) Druid, Land (Arid Land) (PHB'24) Druid, Death (DMG'14) Cleric, Death (DMG'14) Cleric, Eldritch Knight (PHB'14) Fighter, Eldritch Knight (PHB'24) Fighter, Grave (XGE) Cleric, Grave (RHW) Cleric, Oathbreaker (DMG'14) Paladin, Oathbreaker (DMG'14) Paladin, Reanimator (RHW) Artificer","A creature that you can see within range makes a Constitution saving throw, taking 8d8 Necrotic damage on a failed save or half as much damage on a successful one. A Plant creature automatically fails the save.

Alternatively, target a nonmagical plant that isn't a creature, such as a tree or shrub. It doesn't make a save; it simply withers and dies.","Using a Higher-Level Spell Slot. The damage increases by 1d8 for each spell slot level above 4."
"Blindness/Deafness","PHB'24","248","2nd","Action","1 minute","Transmutation","120 feet","V","Bard (PHB'24), Cleric (PHB'24), Sorcerer (PHB'24), Wizard (PHB'24)","","Arcane Trickster (PHB'24) Rogue, Arcane Trickster (PHB'14) Rogue, Spores (TCE) Druid, Spores (TCE) Druid, Lore (PHB'24) Bard, Death (DMG'14) Cleric, Death (DMG'14) Cleric, Divine Soul (XGE) Sorcerer, Divine Soul (XGE) Sorcerer, Eldritch Knight (PHB'24) Fighter, Eldritch Knight (PHB'14) Fighter, Lunar (DSotDQ) Sorcerer, Lunar (DSotDQ) Sorcerer, Reanimator (RHW) Artificer, Fiend (PHB'14) Warlock, Undead (VRGR) Warlock, Undying (SCAG) Warlock, Undying (SCAG) Warlock, Undead (RHW) Warlock","One creature that you can see within range must succeed on a Constitution saving throw, or it has the Blinded or Deafened condition (your choice) for the duration. At the end of each of its turns, the target repeats the save, ending the spell on itself on a success.","Using a Higher-Level Spell Slot. You can target one additional creature for each spell slot level above 2."
"Blink","PHB'24","248","3rd","Action","1 minute","Transmutation","Self","V, S","Artificer (EFA), Sorcerer (PHB'24), Wizard (PHB'24)","","Arcane Trickster (PHB'24) Rogue, Arcane Trickster (PHB'14) Rogue, Archfey (PHB'24) Warlock, Lore (PHB'24) Bard, Eldritch Knight (PHB'24) Fighter, Eldritch Knight (PHB'14) Fighter, Great Fool (TCM'24) Warlock, Archfey (PHB'14) Warlock, Great Fool (TCM'14) Warlock, Great Fool (TCM'14) Warlock, Hexblade (XGE) Warlock, Hexblade (XGE) Warlock, Trickery (PHB'14) Cleric","Roll 1d6 at the end of each of your turns for the duration. On a roll of 4-6, you vanish from your current plane of existence and appear in the Ethereal Plane (the spell ends instantly if you are already on that plane). While on the Ethereal Plane, you can perceive the plane you left, which is cast in shades of gray, but you can't see anything there more than 60 feet away. You can affect and be affected only by other creatures on the Ethereal Plane, and creatures on the other plane can't perceive you unless they have a special ability that lets them perceive things on the Ethereal Plane.

You return to the other plane at the start of your next turn and when the spell ends if you are on the Ethereal Plane. You return to an unoccupied space of your choice that you can see within 10 feet of the space you left. If no unoccupied space is available within that range, you appear in the nearest unoccupied space.",""
"Blood Bolt","TCM'24","125","Cantrip","Action","Instantaneous","Necromancy","90 feet","V, S","Sorcerer (PHB'24), Warlock (PHB'24), Wizard (PHB'24)","","Crimson (TCM'24) Sorcerer","You hurl a twisting bolt of blood at a creature within range. Make a ranged spell attack against the target. On a hit, the target takes 1d6 Necrotic damage, and you gain a number of Temporary Hit Points equal to your Proficiency Bonus.","Cantrip Upgrade. The damage increases by 1d6 when you reach levels 5 (2d6), 11 (3d6), and 17 (4d6)."
"Blood Sacrifice","TCM'24","125","2nd","Bonus","1 minute","Necromancy","Self","V, S, M (a drop of your own blood)","Sorcerer (PHB'24), Warlock (PHB'24), Wizard (PHB'24)","","Crimson (TCM'24) Sorcerer","You sacrifice a portion of your life force to enhance your magical power. When you cast this spell, you take 1d6 Necrotic damage, which can't be reduced or prevented in any way. For the duration, when you cast a spell that deals damage, one target of the spell (your choice) takes an extra 1d6 damage of the same type as the spell's normal damage type (your choice if there are multiple).","Using a Higher-Level Spell Slot. The damage you take and the extra damage your spells deal both increase by 1d6 for each spell slot level above 2."
"Blur","PHB'24","248","2nd","Action","Concentration, up to 1 minute","Illusion","Self","V","Artificer (EFA), Sorcerer (PHB'24), Wizard (PHB'24)","","Arcane Trickster (PHB'24) Rogue, Arcane Trickster (PHB'14) Rogue, Land (Arid Land) (PHB'24) Druid, Land (Desert) (PHB'14) Druid, Lore (PHB'24) Bard, Eldritch Knight (PHB'24) Fighter, Eldritch Knight (PHB'14) Fighter, Illusionist (PHB'24) Wizard, Genie (Marid) (TCE) Warlock, Genie (Marid) (TCE) Warlock, Hexblade (XGE) Warlock, Hexblade (XGE) Warlock","Your body becomes blurred. For the duration, any creature has Disadvantage on attack rolls against you. An attacker is immune to this effect if it perceives you with Blindsight or Truesight.",""
"Body Warping of Gorgoroth","CBT","0","1st","Action","Concentration, up to 10 minutes","Transmutation","Self","S","Sorcerer (PHB'24), Warlock (PHB'24), Wizard (PHB'24)","","","Choose a Humanoid of your size that you can see. You physically transform to become an exact duplicate of that creature for the duration. Even a thorough physical examination fails to find any differences between you and the target.

Your voice and equipment don't change.",""
"Booming Blade","TCE","106","Cantrip","Action","1 round","Evocation","Self","S, M (a melee weapon worth at least 1 sp)","Artificer (TCE), Artificer (EFA), Sorcerer (PHB'14), Sorcerer (PHB'24), Warlock (PHB'14), Warlock (PHB'24), Wizard (PHB'14), Wizard (PHB'24)","Sorcerer (PHB'14), Sorcerer (PHB'24), Warlock (PHB'14), Warlock (PHB'24), Wizard (PHB'14), Wizard (PHB'24)","Arcana (SCAG) Cleric, Arcana (SCAG) Cleric, Arcane Trickster (PHB'24) Rogue, Arcane Trickster (PHB'14) Rogue, Lore (PHB'24) Bard, Eldritch Knight (PHB'24) Fighter, Eldritch Knight (PHB'14) Fighter, Evoker (PHB'24) Wizard","You brandish the weapon used in the spell's casting and make a melee attack with it against one creature within 5 feet of you. On a hit, the target suffers the weapon attack's normal effects and then becomes sheathed in booming energy until the start of your next turn. If the target willingly moves 5 feet or more before then, the target takes 1d8 thunder damage, and the spell ends.

This spell's damage increases when you reach certain levels. At 5th level, the melee attack deals an extra 1d8 thunder damage to the target on a hit, and the damage the target takes for moving increases to 2d8. Both damage rolls increase by 1d8 at 11th level (2d8 and 3d8) and again at 17th level (3d8 and 4d8).",""
"Breath of the Deep","CBT","0","2nd","Action","Concentration, up to 10 minutes","Conjuration","120 feet","V, S","Sorcerer (PHB'24), Warlock (PHB'24), Wizard (PHB'24)","","","You conjure sea water from the deepest trench to surround a creature that you can see within range. The water seeps into the target's mouth and around its body, slowly crushing it with the unfathomable weight of the sea. The target takes 3d6 Bludgeoning damage and is unable to talk for the duration or use the verbal components of spells.",""
"Buried Alive","TCM'24","125","4th","Action","Instantaneous","Transmutation","60 feet","V, S, M (a pinch of grave dirt)","Druid (PHB'24), Sorcerer (PHB'24), Warlock (PHB'24), Wizard (PHB'24)","","","You send your enemies to their graves even if they aren't dead yet. A creature that you can see within range that is standing on the ground must make a Strength saving throw. On a failed save, the ground opens and swallows the target, burying it up to 10 feet deep. While buried, the target has Total Cover, has the Restrained and Blinded conditions, and can't breathe. On a successful save, the target has the Prone condition, and its Speed is 0 until the end of its next turn. A buried creature can dig out of the grave by using its action to make a DC 15 Strength (Athletics) check. On a success, it digs 5 feet closer to the surface. If it succeeds by 5 or more, it reaches the surface. When the creature reaches the surface, it exits the ground with the Prone condition.

The target automatically succeeds on its saving throw if it's standing on any thickness of stone or metal, or at least 2 inches of wood.",""
"Burning Hands","PHB'24","248","1st","Action","Instantaneous","Evocation","Self","V, S","Sorcerer (PHB'24), Wizard (PHB'24)","","Arcane Trickster (PHB'24) Rogue, Arcane Trickster (PHB'14) Rogue, Wildfire (TCE) Druid, Wildfire (TCE) Druid, Land (Arid Land) (PHB'24) Druid, Lore (PHB'24) Bard, Eldritch Knight (PHB'24) Fighter, Eldritch Knight (PHB'14) Fighter, Evoker (PHB'24) Wizard, Fiend (PHB'24) Warlock, Light (PHB'24) Cleric, Light (PHB'14) Cleric, Fiend (PHB'14) Warlock, Genie (Efreeti) (TCE) Warlock, Genie (Efreeti) (TCE) Warlock, Sun Soul (XGE) Monk, Sun Soul (XGE) Monk","A thin sheet of flames shoots forth from you. Each creature in a 15-foot Cone makes a Dexterity saving throw, taking 3d6 Fire damage on a failed save or half as much damage on a successful one.

Flammable objects in the Cone that aren't being worn or carried start burning.","Using a Higher-Level Spell Slot. The damage increases by 1d6 for each spell slot level above 1."
"Cacophonic Shield","FRHoF","143","3rd","Action","Concentration, up to 10 minutes","Evocation","Self","V, S","Bard (PHB'24), Sorcerer (PHB'24), Wizard (PHB'24)","","Arcane Trickster (PHB'24) Rogue, Arcane Trickster (PHB'14) Rogue, Lore (PHB'24) Bard, Eldritch Knight (PHB'24) Fighter, Eldritch Knight (PHB'14) Fighter, Evoker (PHB'24) Wizard","Thunderous reverberations fill a 10-foot Emanation originating from you for the duration. Whenever the Emanation enters a creature's space and whenever a creature enters the Emanation or ends its turn there, the creature makes a Constitution saving throw. On a failed save, the creature takes 3d6 Thunder damage and has the Deafened condition until the start of your next turn. On a successful save, the creature takes half as much damage only. A creature makes this save only once per turn. When you cast this spell, you can designate creatures to be unaffected by it.

In addition, you have Resistance to Thunder damage, and ranged attack rolls against you are made with Disadvantage.","Using a Higher-Level Spell Slot. The damage increases by 1d6 for each spell slot level above 3."
"Call Deity","CBT","0","8th","Action","1 hour","Conjuration","Self","V, S","Bard (PHB'24), Cleric (PHB'24), Druid (PHB'24), Sorcerer (PHB'24), Warlock (PHB'24), Wizard (PHB'24)","","","You can cast this spell only during the duration of a Contact Deity spell you also cast. You cause the deity you contacted to manifest in the nearest unoccupied space. For 1 hour, it acts as it wishes but treats you as an ally if you don't take actions against it. It doesn't extend this courtesy to your allies and interprets your attempts to protect others as acting against it.",""
"Captivate Undead","TCM'24","126","1st","Action","Concentration, up to 1 hour","Necromancy","60 feet","V, S, M (a pinch of bone dust)","Bard (PHB'24), Cleric (PHB'24), Sorcerer (PHB'24), Warlock (PHB'24), Wizard (PHB'24)","","","You usurp the negative energy animating an Undead creature that you can see within range, attempting to take control of it. The target must make a Charisma saving throw. On a failed save, for the duration, the target has the Charmed condition (ignoring any Immunity to that condition), and it is Friendly toward you. On a successful save, the target has Disadvantage on the next attack roll it makes against you before the start of your next turn. If you or any of your allies damage the target or force it to make a saving throw, the spell ends.","Using a Higher-Level Spell Slot. You can target one additional creature for each spell slot level above 1."
"Cat's Spring","CBT","0","Cantrip","Action","Instantaneous","Conjuration","Self","V, S","Bard (PHB'24), Druid (PHB'24), Sorcerer (PHB'24), Warlock (PHB'24), Wizard (PHB'24)","","Feline Court (CBT) Warlock","You jump up to 10 feet to an unoccupied space you can see and deliver a spectral claw attack that deals Slashing or Force damage (you choose when you cast the spell). Make a melee spell attack against a target. On a hit, the target takes 1d8 damage of the chosen type, and the next attack roll you make against it before the end of your next turn has Advantage.","Using a Higher-Level Spell Slot. The damage increases by 1d8 when you reach levels 5 (2d8), 11 (38), and 17 (4d8)."
"Catapult","XGE","150","1st","Action","Instantaneous","Transmutation","60 feet","S","","Artificer (TCE), Artificer (EFA), Sorcerer (PHB'14), Sorcerer (PHB'24), Wizard (PHB'14), Wizard (PHB'24)","Arcane Trickster (PHB'24) Rogue, Arcane Trickster (PHB'14) Rogue, Lore (PHB'24) Bard, Eldritch Knight (PHB'24) Fighter, Eldritch Knight (PHB'14) Fighter","Choose one object weighing 1 to 5 pounds within range that isn't being worn or carried. The object flies in a straight line up to 90 feet in a direction you choose before falling to the ground, stopping early if it impacts against a solid surface. If the object would strike a creature, that creature must make a Dexterity saving throw. On a failed save, the object strikes the target and stops moving. When the object strikes something, the object and what it strikes each take 3d8 bludgeoning damage.","At Higher Levels. When you cast this spell using a spell slot of 2nd level or higher, the maximum weight of objects that you can target with this spell increases by 5 pounds, and the damage increases by 1d8, for each slot level above 1st."
"Catnap","XGE","151","3rd","Action","10 minutes","Enchantment","30 feet","S, M (a pinch of sand)","","Artificer (TCE), Artificer (EFA), Bard (PHB'14), Bard (PHB'24), Sorcerer (PHB'14), Sorcerer (PHB'24), Wizard (PHB'14), Wizard (PHB'24)","Arcane Trickster (PHB'24) Rogue, Arcane Trickster (PHB'14) Rogue, Lore (PHB'24) Bard, Eldritch Knight (PHB'24) Fighter, Eldritch Knight (PHB'14) Fighter","You make a calming gesture, and up to three willing creatures of your choice that you can see within range fall unconscious for the spell's duration. The spell ends on a target early if it takes damage or someone uses an action to shake or slap it awake. If a target remains unconscious for the full duration, that target gains the benefit of a short rest, and it can't be affected by this spell again until it finishes a long rest.","At Higher Levels. When you cast this spell using a spell slot of 4th level or higher, you can target one additional willing creature for each slot level above 3rd."
"Chain Lightning","PHB'24","249","6th","Action","Instantaneous","Evocation","150 feet","V, S, M (three silver pins)","Sorcerer (PHB'24), Wizard (PHB'24)","","Arcana (SCAG) Cleric, Arcana (SCAG) Cleric, Evoker (PHB'24) Wizard","You launch a lightning bolt toward a target you can see within range. Three bolts then leap from that target to as many as three other targets of your choice, each of which must be within 30 feet of the first target. A target can be a creature or an object and can be targeted by only one of the bolts.

Each target makes a Dexterity saving throw, taking 10d8 Lightning damage on a failed save or half as much damage on a successful one.","Using a Higher-Level Spell Slot. One additional bolt leaps from the first target to another target for each spell slot level above 6."
"Chant of Thoth","CBT","0","Cantrip","1 Min.","8 hours","Divination","Self","V","Bard (PHB'24), Sorcerer (PHB'24), Warlock (PHB'24), Wizard (PHB'24)","","","The first time you fail an Intelligence check during the spell's duration, you may automatically succeed on the check if the DC is less than your spell save DC. Otherwise, you gain a +2 bonus to that check. Once you use this benefit, you cannot use it again until you finish a Short Rest.",""
"Chaos Bolt","XGE","151","1st","Action","Instantaneous","Evocation","120 feet","V, S","","Sorcerer (PHB'14), Sorcerer (PHB'24)","","You hurl an undulating, warbling mass of chaotic energy at one creature in range. Make a ranged spell attack against the target. On a hit, the target takes 2d8 + 1d6 damage. Choose one of the d8s. The number rolled on that die determines the attack's damage type, as shown below.

Chaos Boltd8Damage Type1Acid2Cold3Fire4Force5Lightning6Poison7Psychic8ThunderIf you roll the same number on both d8s, the chaotic energy leaps from the target to a different creature of your choice within 30 feet of it. Make a new attack roll against the new target, and make a new damage roll, which could cause the chaotic energy to leap again.

A creature can be targeted only once by each casting of this spell.","At Higher Levels. When you cast this spell using a spell slot of 2nd level or higher, each target takes 1d6 extra damage of the type rolled for each slot level above 1st."
"Charm Monster","PHB'24","249","4th","Action","1 hour","Enchantment","30 feet","V, S","Bard (PHB'24), Druid (PHB'24), Sorcerer (PHB'24), Warlock (PHB'24), Wizard (PHB'24)","","Arcane Trickster (PHB'14) Rogue, Arcane Trickster (PHB'24) Rogue, Draconic (PHB'24) Sorcerer, Eldritch Knight (PHB'14) Fighter, Eldritch Knight (PHB'24) Fighter","One creature you can see within range makes a Wisdom saving throw. It does so with Advantage if you or your allies are fighting it. On a failed save, the target has the Charmed condition until the spell ends or until you or your allies damage it. The Charmed creature is Friendly to you. When the spell ends, the target knows it was Charmed by you.","Using a Higher-Level Spell Slot. You can target one additional creature for each spell slot level above 4."
"Charm Person","PHB'24","249","1st","Action","1 hour","Enchantment","30 feet","V, S","Bard (PHB'24), Druid (PHB'24), Sorcerer (PHB'24), Warlock (PHB'24), Wizard (PHB'24)","","Arcane Trickster (PHB'24) Rogue, Arcane Trickster (PHB'14) Rogue, Glamour (PHB'24) Bard, Lore (PHB'24) Bard, Eldritch Knight (PHB'24) Fighter, Eldritch Knight (PHB'14) Fighter, Fey Wanderer (PHB'24) Ranger, Fey Wanderer (TCE) Ranger, Trickery (PHB'24) Cleric, Trickery (PHB'14) Cleric","One Humanoid you can see within range makes a Wisdom saving throw. It does so with Advantage if you or your allies are fighting it. On a failed save, the target has the Charmed condition until the spell ends or until you or your allies damage it. The Charmed creature is Friendly to you. When the spell ends, the target knows it was Charmed by you.","Using a Higher-Level Spell Slot. You can target one additional creature for each spell slot level above 1."
"Chill Touch","PHB'24","249","Cantrip","Action","Instantaneous","Necromancy","Touch","V, S","Sorcerer (PHB'24), Warlock (PHB'24), Wizard (PHB'24)","","Arcana (SCAG) Cleric, Arcana (SCAG) Cleric, Arcane Trickster (PHB'24) Rogue, Arcane Trickster (PHB'14) Rogue, Spores (TCE) Druid, Spores (TCE) Druid, Lore (PHB'24) Bard, Death (DMG'14) Cleric, Death (DMG'14) Cleric, Eldritch Knight (PHB'24) Fighter, Eldritch Knight (PHB'14) Fighter, Harvest (Reaping) (TCM'24) Cleric, Harvest (Reaping) (TCM'14) Cleric, Harvest (Reaping) (TCM'14) Cleric, Scion of the Three (FRHoF) Rogue","Channeling the chill of the grave, make a melee spell attack against a target within reach. On a hit, the target takes 1d10 Necrotic damage, and it can't regain Hit Points until the end of your next turn.","Cantrip Upgrade. The damage increases by 1d10 when you reach levels 5 (2d10), 11 (3d10), and 17 (4d10)."
"Chorus of the Lost","TCM'24","126","2nd","Action","Concentration, up to 1 minute","Necromancy","60 feet","V, S, M (a silver bell worth 10+ GP)","Bard (PHB'24), Cleric (PHB'24), Sorcerer (PHB'24), Warlock (PHB'24), Wizard (PHB'24)","","","You summon the eerie song and wailing of lost souls from a point you can see within range. Each creature in a 15-foot-radius Sphere centered there must make a Wisdom saving throw. On a failed save, the target takes 2d6 Psychic damage, and it has the Frightened condition for the duration. On a successful save, it takes half as much damage, and it has the Frightened condition until the end of its next turn. A Frightened target repeats the save at the end of each of its turns, ending the spell on itself on a success.","Using a Higher-Level Spell Slot. The damage increases by 1d6 for each spell slot level above 2."
"Chromatic Orb","PHB'24","249","1st","Action","Instantaneous","Evocation","90 feet","V, S, M (a diamond worth 50+ GP)","Sorcerer (PHB'24), Wizard (PHB'24)","","Arcane Trickster (PHB'24) Rogue, Arcane Trickster (PHB'14) Rogue, Lore (PHB'24) Bard, Draconic (PHB'24) Sorcerer, Eldritch Knight (PHB'24) Fighter, Eldritch Knight (PHB'14) Fighter, Evoker (PHB'24) Wizard, Noble Genies (FRHoF) Paladin","You hurl an orb of energy at a target within range. Choose Acid, Cold, Fire, Lightning, Poison, or Thunder for the type of orb you create, and then make a ranged spell attack against the target. On a hit, the target takes 3d8 damage of the chosen type.

If you roll the same number on two or more of the d8s, the orb leaps to a different target of your choice within 30 feet of the target. Make an attack roll against the new target, and make a new damage roll. The orb can't leap again unless you cast the spell with a level 2+ spell slot.","Using a Higher-Level Spell Slot. The damage increases by 1d8 for each spell slot level above 1. The orb can leap a maximum number of times equal to the level of the slot expended, and a creature can be targeted only once by each casting of this spell."
"Circle of Death","PHB'24","250","6th","Action","Instantaneous","Necromancy","150 feet","V, S, M (the powder of a crushed black pearl worth 500+ GP)","Sorcerer (PHB'24), Warlock (PHB'24), Wizard (PHB'24)","","Arcana (SCAG) Cleric, Arcana (SCAG) Cleric","Negative energy ripples out in a 60-foot-radius Sphere from a point you choose within range. Each creature in that area makes a Constitution saving throw, taking 8d8 Necrotic damage on a failed save or half as much damage on a successful one.","Using a Higher-Level Spell Slot. The damage increases by 2d8 for each spell slot level above 6."
"Clairvoyance","PHB'24","250","3rd","10 Min.","Concentration, up to 10 minutes","Divination","1 mile","V, S, M (a focus worth 100+ GP, either a jeweled horn for hearing or a glass eye for seeing)","Bard (PHB'24), Cleric (PHB'24), Sorcerer (PHB'24), Wizard (PHB'24)","","Arcane Trickster (PHB'14) Rogue, Arcane Trickster (PHB'24) Rogue, Cartographer (EFA) Artificer, Lore (PHB'24) Bard, Divine Soul (XGE) Sorcerer, Divine Soul (XGE) Sorcerer, Diviner (PHB'24) Wizard, Eldritch Knight (PHB'14) Fighter, Eldritch Knight (PHB'24) Fighter, Great Old One (PHB'24) Warlock, Ancestral Guardian (XGE) Barbarian, Ancestral Guardian (XGE) Barbarian, Great Old One (PHB'14) Warlock","You create an Invisible sensor within range in a location familiar to you (a place you have visited or seen before) or in an obvious location that is unfamiliar to you (such as behind a door, around a corner, or in a grove of trees). The intangible, invulnerable sensor remains in place for the duration.

When you cast the spell, choose seeing or hearing. You can use the chosen sense through the sensor as if you were in its space. As a Bonus Action, you can switch between seeing and hearing.

A creature that sees the sensor (such as a creature benefiting from See Invisibility or Truesight) sees a luminous orb about the size of your fist.",""
"Cloud of Daggers","PHB'24","251","2nd","Action","Concentration, up to 1 minute","Conjuration","60 feet","V, S, M (a sliver of glass)","Bard (PHB'24), Sorcerer (PHB'24), Warlock (PHB'24), Wizard (PHB'24)","","Arcane Trickster (PHB'24) Rogue, Arcane Trickster (PHB'14) Rogue, Lore (PHB'24) Bard, Eldritch Knight (PHB'24) Fighter, Eldritch Knight (PHB'14) Fighter","You conjure spinning daggers in a 5-foot Cube centered on a point within range. Each creature in that area takes 4d4 Slashing damage. A creature also takes this damage if it enters the Cube or ends its turn there or if the Cube moves into its space. A creature takes this damage only once per turn.

On your later turns, you can take a Magic action to teleport the Cube up to 30 feet.","Using a Higher-Level Spell Slot. The damage increases by 2d4 for each spell slot level above 2."
"Cloudkill","PHB'24","251","5th","Action","Concentration, up to 10 minutes","Conjuration","120 feet","V, S","Sorcerer (PHB'24), Wizard (PHB'24)","","Alchemist (TCE) Artificer, Alchemist (EFA) Artificer, Spores (TCE) Druid, Spores (TCE) Druid, Land (Underdark) (PHB'14) Druid, Death (DMG'14) Cleric, Death (DMG'14) Cleric, Conquest (XGE) Paladin, Conquest (XGE) Paladin, Undead (VRGR) Warlock, Undead (RHW) Warlock","You create a 20-foot-radius Sphere of yellow-green fog centered on a point within range. The fog lasts for the duration or until strong wind (such as the one created by Gust of Wind) disperses it, ending the spell. Its area is Heavily Obscured.

Each creature in the Sphere makes a Constitution saving throw, taking 5d8 Poison damage on a failed save or half as much damage on a successful one. A creature must also make this save when the Sphere moves into its space and when it enters the Sphere or ends its turn there. A creature makes this save only once per turn.

The Sphere moves 10 feet away from you at the start of each of your turns.","Using a Higher-Level Spell Slot. The damage increases by 1d8 for each spell slot level above 5."
"Clutch of Darkness","CBT","0","2nd","Bonus","Concentration, up to 1 minute","Conjuration","120 feet","V, S","Sorcerer (PHB'24), Warlock (PHB'24), Wizard (PHB'24)","","","You create a terrible force that slowly crushes the target from the inside. Choose a creature that you can see within range and roll 2d6 and record the total rolled. At the start of each of your turns, roll another 2d6 and add the number rolled to the total.

If the total is greater than the target's Strength, it has Disadvantage on Strength-based attacks.

If the total is greater than the target's Dexterity, its Speed is halved and attack rolls against it have Advantage.

If the total is greater than its current Hit Points, the target immediately implodes and dies.",""
"Color Spray","PHB'24","251","1st","Action","Instantaneous","Illusion","Self","V, S, M (a pinch of colorful sand)","Bard (PHB'24), Sorcerer (PHB'24), Wizard (PHB'24)","","Arcane Trickster (PHB'24) Rogue, Arcane Trickster (PHB'14) Rogue, Lore (PHB'24) Bard, Eldritch Knight (PHB'24) Fighter, Eldritch Knight (PHB'14) Fighter, Illusionist (PHB'24) Wizard, Lunar (DSotDQ) Sorcerer, Lunar (DSotDQ) Sorcerer","You launch a dazzling array of flashing, colorful light. Each creature in a 15-foot Cone originating from you must succeed on a Constitution saving throw or have the Blinded condition until the end of your next turn.",""
"Comprehend Languages","PHB'24","252","1st","Action","1 hour","Divination (ritual)","Self","V, S, M (a pinch of soot and salt)","Bard (PHB'24), Sorcerer (PHB'24), Warlock (PHB'24), Wizard (PHB'24)","","Arcane Trickster (PHB'24) Rogue, Arcane Trickster (PHB'14) Rogue, Banneret (FRHoF) Fighter, Lore (PHB'24) Bard, Diviner (PHB'24) Wizard, Eldritch Knight (PHB'24) Fighter, Eldritch Knight (PHB'14) Fighter, Knowledge (FRHoF) Cleric, Cosmic Balance (CBT) Monk","For the duration, you understand the literal meaning of any language that you hear or see signed. You also understand any written language that you see, but you must be touching the surface on which the words are written. It takes about 1 minute to read one page of text. This spell doesn't decode symbols or secret messages.",""
"Cone of Cold","PHB'24","253","5th","Action","Instantaneous","Evocation","Self","V, S, M (a small crystal or glass cone)","Druid (PHB'24), Sorcerer (PHB'24), Wizard (PHB'24)","","Artillerist (TCE) Artificer, Artillerist (EFA) Artificer, Land (Arctic) (PHB'14) Druid, Land (Polar Land) (PHB'24) Druid, Evoker (PHB'24) Wizard, Fathomless (TCE) Warlock, Fathomless (TCE) Warlock, Genie (Marid) (TCE) Warlock, Genie (Marid) (TCE) Warlock, Hexblade (XGE) Warlock, Hexblade (XGE) Warlock, Winter Walker (FRHoF) Ranger","You unleash a blast of cold air. Each creature in a 60-foot Cone originating from you makes a Constitution saving throw, taking 8d8 Cold damage on a failed save or half as much damage on a successful one. A creature killed by this spell becomes a frozen statue until it thaws.","Using a Higher-Level Spell Slot. The damage increases by 1d8 for each spell slot level above 5."
"Confounding Shadows","CBT","0","Cantrip","Action","1 round","Conjuration","120 feet","V, S","Bard (PHB'24), Sorcerer (PHB'24), Warlock (PHB'24), Wizard (PHB'24)","","Hungering Dark (CBT) Sorcerer","You create an orb of writhing shadows and hurl it at a creature within range. The target must succeed on a Wisdom saving throw or take 1d6 Psychic damage and it is unable to see you until the end of your next turn.","Cantrip Upgrade. The damage increases by 1d6 when you reach levels 5 (2d6), 11 (3d6), and 17 (4d6)."
"Confusion","PHB'24","253","4th","Action","Concentration, up to 1 minute","Enchantment","90 feet","V, S, M (three nut shells)","Bard (PHB'24), Druid (PHB'24), Sorcerer (PHB'24), Wizard (PHB'24)","","Arcane Trickster (PHB'14) Rogue, Arcane Trickster (PHB'24) Rogue, Spores (TCE) Druid, Spores (TCE) Druid, Eldritch Knight (PHB'14) Fighter, Eldritch Knight (PHB'24) Fighter, Great Old One (PHB'24) Warlock, Knowledge (PHB'14) Cleric, Knowledge (FRHoF) Cleric, Lunar (DSotDQ) Sorcerer, Lunar (DSotDQ) Sorcerer, Oathbreaker (DMG'14) Paladin, Oathbreaker (DMG'14) Paladin, Trickery (PHB'24) Cleric","Each creature in a 10-foot-radius Sphere centered on a point you choose within range must succeed on a Wisdom saving throw, or that target can't take Bonus Actions or Reactions and must roll 1d10 at the start of each of its turns to determine its behavior for that turn, consulting the table below.

1d10Behavior for the Turn1The target doesn't take an action, and it uses all its movement to move. Roll 1d4 for the direction: 1, north; 2, east; 3, south; or 4, west.2-6The target doesn't move or take actions.7-8The target doesn't move, and it takes the Attack action to make one melee attack against a random creature within reach. If none are within reach, the target takes no action.9-10The target chooses its behavior.At the end of each of its turns, an affected target repeats the save, ending the spell on itself on a success.","Using a Higher-Level Spell Slot. The Sphere's radius increases by 5 feet for each spell slot level above 4."
"Contact Deity","CBT","0","5th","1 Min.","1 minute","Divination (ritual)","Self","V, S, M","Bard (PHB'24), Cleric (PHB'24), Druid (PHB'24), Sorcerer (PHB'24), Warlock (PHB'24), Wizard (PHB'24)","","","You contact a deity of the Cthulhu Mythos. You can ask the entity 1d6 questions that can be answered with yes or no. You must ask your questions before the spell ends. You receive a correct answer for each question. Old Ones aren't necessarily omniscient, so you might receive ""unclear"" as an answer if a question pertains to information that lies beyond the Old One's knowledge. In a case where a one-word answer could be misleading or contrary to the Old One's interests, the GM might offer a short phrase as an answer instead.

When you cast this spell, roll a d20. If you roll a 1, the deity appears in the nearest unoccupied space and attacks creatures (including you) in the area for the spell's duration before returning to its realm.",""
"Control Flames","XGE","152","Cantrip","Action","Instantaneous or 1 hour (see below)","Transmutation","60 feet","S","","Druid (PHB'14), Druid (PHB'24), Sorcerer (PHB'14), Sorcerer (PHB'24), Wizard (PHB'14), Wizard (PHB'24)","Arcana (SCAG) Cleric, Arcana (SCAG) Cleric, Arcane Trickster (PHB'24) Rogue, Arcane Trickster (PHB'14) Rogue, Land (PHB'14) Druid, Lore (PHB'24) Bard, Moon (FRHoF) Bard, Eldritch Knight (PHB'24) Fighter, Eldritch Knight (PHB'14) Fighter, Nature (PHB'14) Cleric, Nature (PHB'14) Cleric, Strength (PSA) (PSA) Cleric, Strength (PSA) (PSA) Cleric","You choose nonmagical flame that you can see within range and that fits within a 5-foot cube. You affect it in one of the following ways:

You instantaneously expand the flame 5 feet in one direction, provided that wood or other fuel is present in the new location.You instantaneously extinguish the flames within the cube.You double or halve the area of bright light and dim light cast by the flame, change its color, or both. The change lasts for 1 hour.You cause simple shapes—such as the vague form of a creature, an inanimate object, or a location—to appear within the flames and animate as you like. The shapes last for 1 hour.If you cast this spell multiple times, you can have up to three non-instantaneous effects created by it active at a time, and you can dismiss such an effect as an action.",""
"Control Winds","XGE","152","5th","Action","Concentration, up to 1 hour","Transmutation","300 feet","V, S","","Druid (PHB'14), Druid (PHB'24), Sorcerer (PHB'14), Sorcerer (PHB'24), Wizard (PHB'14), Wizard (PHB'24)","","You take control of the air in a 100-foot cube that you can see within range. Choose one of the following effects when you cast the spell. The effect lasts for the spell's duration, unless you use your action on a later turn to switch to a different effect. You can also use your action to temporarily halt the effect or to restart one you've halted.

Gusts. A wind picks up within the cube, continually blowing in a horizontal direction you designate. You choose the intensity of the wind: calm, moderate, or strong. If the wind is moderate or strong, ranged weapon attacks that pass through it or that are made against targets within the cube have disadvantage on their attack rolls. If the wind is strong, any creature moving against the wind must spend 1 extra foot of movement for each foot moved.

Downdraft. You cause a sustained blast of strong wind to blow downward from the top of the cube. Ranged weapon attacks that pass through the cube or that are made against targets within it have disadvantage on their attack rolls. A creature must make a Strength saving throw if it flies into the cube for the first time on a turn or starts its turn there flying. On a failed save, the creature is knocked prone.

Updraft. You cause a sustained updraft within the cube, rising upward from the cube's bottom side. Creatures that end a fall within the cube take only half damage from the fall. When a creature in the cube makes a vertical jump, the creature can jump up to 10 feet higher than normal.",""
"Counterspell","PHB'24","258","3rd","Reaction","Instantaneous","Abjuration","60 feet","S","Sorcerer (PHB'24), Warlock (PHB'24), Wizard (PHB'24)","","Abjurer (PHB'24) Wizard, Arcane Trickster (PHB'24) Rogue, Arcane Trickster (PHB'14) Rogue, Lore (PHB'24) Bard, Eldritch Knight (PHB'24) Fighter, Eldritch Knight (PHB'14) Fighter, Castigation (TCM'24) Paladin, Castigation (TCM'14) Paladin, Castigation (TCM'14) Paladin, Redemption (XGE) Paladin, Redemption (XGE) Paladin, Watchers (TCE) Paladin, Watchers (TCE) Paladin, Spell Scorned (CBT) Barbarian, Spellfire (FRHoF) Sorcerer","You attempt to interrupt a creature in the process of casting a spell. The creature makes a Constitution saving throw. On a failed save, the spell dissipates with no effect, and the action, Bonus Action, or Reaction used to cast it is wasted. If that spell was cast with a spell slot, the slot isn't expended.",""
"Create Bonfire","XGE","152","Cantrip","Action","Concentration, up to 1 minute","Conjuration","60 feet","V, S","","Artificer (TCE), Artificer (EFA), Druid (PHB'14), Druid (PHB'24), Sorcerer (PHB'14), Sorcerer (PHB'24), Warlock (PHB'14), Warlock (PHB'24), Wizard (PHB'14), Wizard (PHB'24)","Arcana (SCAG) Cleric, Arcana (SCAG) Cleric, Arcane Trickster (PHB'24) Rogue, Arcane Trickster (PHB'14) Rogue, Land (PHB'14) Druid, Lore (PHB'24) Bard, Moon (FRHoF) Bard, Eldritch Knight (PHB'24) Fighter, Eldritch Knight (PHB'14) Fighter, Nature (PHB'14) Cleric, Nature (PHB'14) Cleric, Strength (PSA) (PSA) Cleric, Strength (PSA) (PSA) Cleric","You create a bonfire on ground that you can see within range. Until the spell ends, the magic bonfire fills a 5-foot cube. Any creature in the bonfire's space when you cast the spell must succeed on a Dexterity saving throw or take 1d8 fire damage. A creature must also make the saving throw when it moves into the bonfire's space for the first time on a turn or ends its turn there.

The bonfire ignites flammable objects in its area that aren't being worn or carried.

The spell's damage increases by 1d8 when you reach 5th level (2d8), 11th level (3d8), and 17th level (4d8).",""
"Create Mist of R'lyeh","CBT","0","1st","Action","Concentration, up to 10 minutes","Conjuration","120 feet","V, S","Sorcerer (PHB'24), Warlock (PHB'24), Wizard (PHB'24)","","","R'lyeh is an ancient city cloaked in a horror-filled mist. You tap into that dreadful mist to create a 20-foot-radius Sphere of fog centered on a point within range. The Sphere is Lightly Obscured. Strange, fleeting shapes are visible within it. A creature that ends its turn in the Sphere takes 1d4 Psychic damage. Beast creatures with an Intelligence of 3 or less refuse to enter the Sphere willingly.",""
"Creation","PHB'24","259","5th","1 Min.","Special","Illusion","30 feet","V, S, M (a paintbrush)","Artificer (EFA), Sorcerer (PHB'24), Wizard (PHB'24)","","Forge (XGE) Cleric, Forge (XGE) Cleric, Illusionist (PHB'24) Wizard, Philosopher (TCM'24) Wizard, Philosophy (TCM'14) Wizard, Philosophy (TCM'14) Wizard, Shadow (RHW) Sorcerer, Genie (TCE) Warlock, Genie (TCE) Warlock","You pull wisps of shadow material from the Shadowfell to create an object within range. It is either an object of vegetable matter (soft goods, rope, wood, and the like) or mineral matter (stone, crystal, metal, and the like). The object must be no larger than a 5-foot Cube, and the object must be of a form and material that you have seen.

The spell's duration depends on the object's material, as shown in the Materials table. If the object is composed of multiple materials, use the shortest duration. Using any object created by this spell as another spell's Material component causes the other spell to fail.

MaterialsMaterialDurationVegetable matter24 hoursStone or crystal12 hoursPrecious metals1 hourGems10 minutesAdamantine or mithral1 minute","Using a Higher-Level Spell Slot. The Cube increases by 5 feet for each spell slot level above 5."
"Creeping Rot","TCM'24","127","3rd","Action","1 minute","Necromancy","90 feet","V, S","Druid (PHB'24), Ranger (PHB'24), Sorcerer (PHB'24), Warlock (PHB'24), Wizard (PHB'24)","","","You send tendrils of black and gray rot toward a target that you can see within range. Three tendrils then leap from that target to as many as three other targets of your choice, each of which must be within 30 feet of the first target. A target can be a creature or a nonmagical plant that isn't a creature, such as a tree or shrub. In either case, each can be targeted by only one of the tendrils.

A target that is a creature must make a Constitution saving throw. On a failed save, it takes 3d8 Necrotic damage and has the Poisoned condition for the duration. On a successful save, it takes half as much damage only. A creature Poisoned in this way takes 1d8 Necrotic damage at the start of each of its turns. A Poisoned creature repeats the save at the end of each of its turns, ending the spell on itself on a success.

A Plant creature automatically fails the initial save, and a nonmagical plant that isn't a creature simply withers and dies.","Using a Higher-Level Spell Slot. One additional tendril leaps from the first target to another target for each spell slot level above 3."
"Crimson Harvest","TCM'24","127","3rd","Action","Instantaneous","Necromancy","Self","V, S, M (a vial of blood)","Sorcerer (PHB'24), Warlock (PHB'24), Wizard (PHB'24)","","Crimson (TCM'24) Sorcerer","A wave of blood sweeps out from you in a 15-foot Emanation. Each creature of your choice in the wave must make a Dexterity saving throw, taking 3d10 Necrotic damage on a failed save, or half as much damage on a successful one.

If you damage at least one Small or larger creature, one creature of your choice that you can see within the Emanation regains a number of Hit Points equal to half the damage roll.","Using a Higher-Level Spell Slot. The damage increases by 1d10 for each spell slot level above 3."
"Crown of Madness","PHB'24","259","2nd","Action","Concentration, up to 1 minute","Enchantment","120 feet","V, S","Bard (PHB'24), Sorcerer (PHB'24), Warlock (PHB'24), Wizard (PHB'24)","","Arcane Trickster (PHB'24) Rogue, Arcane Trickster (PHB'14) Rogue, Lore (PHB'24) Bard, Eldritch Knight (PHB'24) Fighter, Eldritch Knight (PHB'14) Fighter, Oathbreaker (DMG'14) Paladin, Oathbreaker (DMG'14) Paladin","One creature that you can see within range must succeed on a Wisdom saving throw or have the Charmed condition for the duration. The creature succeeds automatically if it isn't Humanoid.

A spectral crown appears on the Charmed target's head, and it must use its action before moving on each of its turns to make a melee attack against a creature other than itself that you mentally choose. The target can act normally on its turn if you choose no creature or if no creature is within its reach. The target repeats the save at the end of each of its turns, ending the spell on itself on a success.

On your later turns, you must take the Magic action to maintain control of the target, or the spell ends.",""
"Crown of Stars","XGE","152","7th","Action","1 hour","Evocation","Self","V, S","","Sorcerer (PHB'14), Sorcerer (PHB'24), Warlock (PHB'14), Warlock (PHB'24), Wizard (PHB'14), Wizard (PHB'24)","Arcana (SCAG) Cleric, Arcana (SCAG) Cleric, Evoker (PHB'24) Wizard","Seven star-like motes of light appear and orbit your head until the spell ends. You can use a bonus action to send one of the motes streaking toward one creature or object within 120 feet of you. When you do so, make a ranged spell attack. On a hit, the target takes 4d12 radiant damage. Whether you hit or miss, the mote is expended. The spell ends early if you expend the last mote.

If you have four or more motes remaining, they shed bright light in a 30-foot radius and dim light for an additional 30 feet. If you have one to three motes remaining, they shed dim light in a 30-foot radius.","At Higher Levels. When you cast this spell using a spell slot of 8th level or higher, the number of motes created increases by two for each slot level above 7th."
"Culling Sickle","TCM'24","127","3rd","Bonus","Concentration, up to 1 minute","Necromancy","Self","V, S","Druid (PHB'24), Sorcerer (PHB'24), Warlock (PHB'24), Wizard (PHB'24)","","Harvest (Reaping) (TCM'24) Cleric","You create a ghostly sickle that lasts for the duration and can strike out at your foes. The sickle appears hovering in your space and moves with you. When you cast this spell and as a Bonus Action on each of your turns, you can direct it to fly at and strike a creature within 30 feet of you. Make a ranged spell attack. On a hit, the target takes 2d8 Necrotic damage, and you gain Temporary Hit Points equal to half the damage dealt. After the sickle hits or misses, it returns to hover in your space.","Using a Higher-Level Spell Slot. The damage increases by 1d8 for each spell slot level above 3."
"Curse of the Putrid Husk","CBT","0","3rd","Action","Concentration, up to 10 minutes","Illusion","120 feet","V, S","Sorcerer (PHB'24), Warlock (PHB'24), Wizard (PHB'24)","","","You create a horrid illusion in the target's mind, convincing it that its body is slowly decaying. One creature that you can see in range is overcome with a sense of impending doom as it watches itself rot. Choose one of the following effects.

A creature selflessly tries to prevent the disease from spreading to its allies. Whenever it starts its turn within 30 feet of an ally, it takes the Dash action and moves away from its nearest ally by the safest route unless there is nowhere to move.

A creature becomes filled with spite as it tries to spread the disease to its enemies. It takes the Dash action and moves toward its nearest enemy by the safest route on each of its turns unless it is within 5 feet of a hostile creature.",""
"Cursed Cacophany","TCM'24","128","3rd","Action","Concentration, up to 10 minutes","Enchantment (ritual)","Special","S, M (a sheet of music)","Bard (PHB'24), Sorcerer (PHB'24), Warlock (PHB'24)","","","You focus on a creature that you are familiar with that is on the same plane of existence as you. The target must succeed on a Wisdom saving throw or be cursed for the duration. Once a target fails its saving throw against this spell, you can't target it with a ritual casting of the spell for 24 hours.

While cursed, the target hears haunting, discordant music and has Disadvantage on D20 Tests. The first time the target fails a D20 Test during a turn, it repeats the save against this spell with neither Advantage nor Disadvantage, ending the spell early on a success.",""
"Dancing Lights","PHB'24","259","Cantrip","Action","Concentration, up to 1 minute","Illusion","120 feet","V, S, M (a bit of phosphorus)","Artificer (EFA), Bard (PHB'24), Sorcerer (PHB'24), Wizard (PHB'24)","","Arcana (SCAG) Cleric, Arcana (SCAG) Cleric, Arcane Trickster (PHB'24) Rogue, Arcane Trickster (PHB'14) Rogue, Lore (PHB'24) Bard, Eldritch Knight (PHB'24) Fighter, Eldritch Knight (PHB'14) Fighter, Illusionist (PHB'24) Wizard, Sinner (TCM'24) Rogue, Sinner (TCM'14) Rogue, Sinner (TCM'14) Rogue","You create up to four torch-size lights within range, making them appear as torches, lanterns, or glowing orbs that hover for the duration. Alternatively, you combine the four lights into one glowing Medium form that is vaguely humanlike. Whichever form you choose, each light sheds Dim Light in a 10-foot radius.

As a Bonus Action, you can move the lights up to 60 feet to a space within range. A light must be within 20 feet of another light created by this spell, and a light vanishes if it exceeds the spell's range.",""
"Darkness","PHB'24","260","2nd","Action","Concentration, up to 10 minutes","Evocation","60 feet","V, M (bat fur and a piece of coal)","Sorcerer (PHB'24), Warlock (PHB'24), Wizard (PHB'24)","","Apocalypse (CBT) Cleric, Arcane Trickster (PHB'24) Rogue, Arcane Trickster (PHB'14) Rogue, Land (Swamp) (PHB'14) Druid, Lore (PHB'24) Bard, Eldritch Knight (PHB'24) Fighter, Eldritch Knight (PHB'14) Fighter, Evoker (PHB'24) Wizard, Hungering Dark (CBT) Sorcerer, Oathbreaker (DMG'14) Paladin, Oathbreaker (DMG'14) Paladin, Shadow (XGE) Sorcerer, Shadow (RHW) Sorcerer, Shadow (PHB'24) Monk, Shadow (PHB'14) Monk","For the duration, magical Darkness spreads from a point within range and fills a 15-foot-radius Sphere. Darkvision can't see through it, and nonmagical light can't illuminate it.

Alternatively, you cast the spell on an object that isn't being worn or carried, causing the Darkness to fill a 15-foot Emanation originating from that object. Covering that object with something opaque, such as a bowl or helm, blocks the Darkness.

If any of this spell's area overlaps with an area of Bright Light or Dim Light created by a spell of level 2 or lower, that other spell is dispelled.",""
"Darkvision","PHB'24","260","2nd","Action","8 hours","Transmutation","Touch","V, S, M (a dried carrot)","Artificer (EFA), Druid (PHB'24), Ranger (PHB'24), Sorcerer (PHB'24), Wizard (PHB'24)","","Arcane Trickster (PHB'24) Rogue, Arcane Trickster (PHB'14) Rogue, Lore (PHB'24) Bard, Eldritch Knight (PHB'24) Fighter, Eldritch Knight (PHB'14) Fighter, Shadow (PHB'14) Monk","For the duration, a willing creature you touch has Darkvision with a range of 150 feet.",""
"Daylight","PHB'24","260","3rd","Action","1 hour","Evocation","60 feet","V, S","Cleric (PHB'24), Druid (PHB'24), Paladin (PHB'24), Ranger (PHB'24), Sorcerer (PHB'24)","","Celestial (PHB'24) Warlock, Land (Grassland) (PHB'14) Druid, Lore (PHB'24) Bard, Divine Soul (XGE) Sorcerer, Divine Soul (XGE) Sorcerer, Light (PHB'24) Cleric, Light (PHB'14) Cleric, Celestial (XGE) Warlock","For the duration, sunlight spreads from a point within range and fills a 60-foot-radius Sphere. The sunlight's area is Bright Light and sheds Dim Light for an additional 60 feet.

Alternatively, you cast the spell on an object that isn't being worn or carried, causing the sunlight to fill a 60-foot Emanation originating from that object. Covering that object with something opaque, such as a bowl or helm, blocks the sunlight.

If any of this spell's area overlaps with an area of Darkness created by a spell of level 3 or lower, that other spell is dispelled.",""
"Death Armor","FRHoF","143","2nd","Action","1 hour","Necromancy","Touch","V, S, M (an onyx worth 50+ GP, which the spell consumes)","Sorcerer (PHB'24), Wizard (PHB'24)","","Arcane Trickster (PHB'24) Rogue, Arcane Trickster (PHB'14) Rogue, Lore (PHB'24) Bard, Eldritch Knight (PHB'24) Fighter, Eldritch Knight (PHB'14) Fighter","For the duration, an inky aura surrounds one creature you touch. The target has Advantage on Death Saving Throws, and once per turn, when a creature within 5 feet of the target hits it with a melee attack roll, the attacker takes 2d4 Necrotic damage.",""
"Delayed Blast Fireball","PHB'24","261","7th","Action","Concentration, up to 1 minute","Evocation","150 feet","V, S, M (a ball of bat guano and sulfur)","Sorcerer (PHB'24), Wizard (PHB'24)","","Arcana (SCAG) Cleric, Arcana (SCAG) Cleric, Evoker (PHB'24) Wizard","A beam of yellow light flashes from you, then condenses at a chosen point within range as a glowing bead for the duration. When the spell ends, the bead explodes, and each creature in a 20-foot-radius Sphere centered on that point makes a Dexterity saving throw. A creature takes Fire damage equal to the total accumulated damage on a failed save or half as much damage on a successful one.

The spell's base damage is 12d6, and the damage increases by 1d6 whenever your turn ends and the spell hasn't ended.

If a creature touches the glowing bead before the spell ends, that creature makes a Dexterity saving throw. On a failed save, the spell ends, causing the bead to explode. On a successful save, the creature can throw the bead up to 40 feet. If the thrown bead enters a creature's space or collides with a solid object, the spell ends, and the bead explodes.

When the bead explodes, flammable objects in the explosion that aren't being worn or carried start burning.","Using a Higher-Level Spell Slot. The base damage increases by 1d6 for each spell slot level above 7."
"Demiplane","PHB'24","261","8th","Action","1 hour","Conjuration","60 feet","S","Sorcerer (PHB'24), Warlock (PHB'24), Wizard (PHB'24)","","Arcana (SCAG) Cleric, Arcana (SCAG) Cleric","You create a shadowy Medium door on a flat solid surface that you can see within range. This door can be opened and closed, and it leads to a demiplane that is an empty room 30 feet in each dimension, made of wood or stone (your choice).

When the spell ends, the door vanishes, and any objects inside the demiplane remain there. Any creatures inside also remain unless they opt to be shunted through the door as it vanishes, landing with the Prone condition in the unoccupied spaces closest to the door's former space.

Each time you cast this spell, you can create a new demiplane or connect the shadowy door to a demiplane you created with a previous casting of this spell. Additionally, if you know the nature and contents of a demiplane created by a casting of this spell by another creature, you can connect the shadowy door to that demiplane instead.",""
"Detect Magic","PHB'24","262","1st","Action","Concentration, up to 10 minutes","Divination (ritual)","Self","V, S","Artificer (EFA), Bard (PHB'24), Cleric (PHB'24), Druid (PHB'24), Paladin (PHB'24), Ranger (PHB'24), Sorcerer (PHB'24), Warlock (PHB'24), Wizard (PHB'24)","","Arcana (SCAG) Cleric, Arcana (SCAG) Cleric, Arcane Trickster (PHB'24) Rogue, Arcane Trickster (PHB'14) Rogue, Lore (PHB'24) Bard, Divine Soul (XGE) Sorcerer, Divine Soul (XGE) Sorcerer, Diviner (PHB'24) Wizard, Eldritch Knight (PHB'24) Fighter, Eldritch Knight (PHB'14) Fighter, Knowledge (FRHoF) Cleric, Watchers (TCE) Paladin, Watchers (TCE) Paladin, Cosmic Balance (CBT) Monk","For the duration, you sense the presence of magical effects within 30 feet of yourself. If you sense such effects, you can take the Magic action to see a faint aura around any visible creature or object in the area that bears the magic, and if an effect was created by a spell, you learn the spell's school of magic.

The spell is blocked by 1 foot of stone, dirt, or wood; 1 inch of metal; or a thin sheet of lead.",""
"Detect Thoughts","PHB'24","262","2nd","Action","Concentration, up to 1 minute","Divination","Self","V, S, M (1 Copper Piece)","Bard (PHB'24), Sorcerer (PHB'24), Wizard (PHB'24)","","Aberrant Mind (TCE) Sorcerer, Aberrant (PHB'24) Sorcerer, Arcane Trickster (PHB'24) Rogue, Arcane Trickster (PHB'14) Rogue, Lore (PHB'24) Bard, Diviner (PHB'24) Wizard, Eldritch Knight (PHB'24) Fighter, Eldritch Knight (PHB'14) Fighter, Great Old One (PHB'24) Warlock, Knowledge (FRHoF) Cleric, Great Old One (PHB'14) Warlock","You activate one of the effects below. Until the spell ends, you can activate either effect as a Magic action on your later turns.

Sense Thoughts. You sense the presence of thoughts within 30 feet of yourself that belong to creatures that know languages or are telepathic. You don't read the thoughts, but you know that a thinking creature is present.

The spell is blocked by 1 foot of stone, dirt, or wood; 1 inch of metal; or a thin sheet of lead.

Read Thoughts. Target one creature you can see within 30 feet of yourself or one creature within 30 feet of yourself that you detected with the Sense Thoughts option. You learn what is most on the target's mind right now. If the target doesn't know any languages and isn't telepathic, you learn nothing.

As a Magic action on your next turn, you can try to probe deeper into the target's mind. If you probe deeper, the target makes a Wisdom saving throw. On a failed save, you discern the target's reasoning, emotions, and something that looms large in its mind (such as a worry, love, or hate). On a successful save, the spell ends. Either way, the target knows that you are probing into its mind, and until you shift your attention away from the target's mind, the target can take an action on its turn to make an Intelligence (Arcana) check against your spell save DC, ending the spell on a success.",""
"Devil's Due","TCM'24","128","1st","Reaction","Instantaneous","Necromancy","30 feet","S, M (a glob of pitch)","Sorcerer (PHB'24), Warlock (PHB'24), Wizard (PHB'24)","","","You absorb a measure of a creature's suffering and escaping vital essence. Expend and roll one Hit Points Die. You regain a number of Hit Points equal to the number rolled plus your spellcasting ability modifier.

If the creature took damage from a Critical Hit, double the number of Hit Points you regain.","Using a Higher-Level Spell Slot. You can expend one additional Hit Points Die for each spell slot level above 1."
"Dimension Door","PHB'24","262","4th","Action","Instantaneous","Conjuration","500 feet","V","Bard (PHB'24), Sorcerer (PHB'24), Warlock (PHB'24), Wizard (PHB'24)","","Arcane Trickster (PHB'14) Rogue, Arcane Trickster (PHB'24) Rogue, Eldritch Knight (PHB'14) Fighter, Eldritch Knight (PHB'24) Fighter, Feline Court (CBT) Warlock, Fey Wanderer (TCE) Ranger, Fey Wanderer (PHB'24) Ranger, Vengeance (PHB'14) Paladin, Vengeance (PHB'24) Paladin, Trickery (PHB'14) Cleric, Trickery (PHB'24) Cleric, Ambition (PSA) (PSA) Cleric, Ambition (PSA) (PSA) Cleric","You teleport to a location within range. You arrive at exactly the spot desired. It can be a place you can see, one you can visualize, or one you can describe by stating distance and direction, such as ""200 feet straight downward"" or ""300 feet upward to the northwest at a 45-degree angle.""

You can also teleport one willing creature. The creature must be within 5 feet of you when you teleport, and it teleports to a space within 5 feet of your destination space.

If you, the other creature, or both would arrive in a space occupied by a creature or completely filled by one or more objects, you and any creature traveling with you each take 4d6 Force damage, and the teleportation fails.",""
"Disguise Self","PHB'24","262","1st","Action","1 hour","Illusion","Self","V, S","Artificer (EFA), Bard (PHB'24), Sorcerer (PHB'24), Wizard (PHB'24)","","Arcane Trickster (PHB'24) Rogue, Arcane Trickster (PHB'14) Rogue, Lore (PHB'24) Bard, Eldritch Knight (PHB'24) Fighter, Eldritch Knight (PHB'14) Fighter, Gloom Stalker (PHB'24) Ranger, Gloom Stalker (XGE) Ranger, Great Fool (TCM'24) Warlock, Illusionist (PHB'24) Wizard, Great Fool (TCM'14) Warlock, Great Fool (TCM'14) Warlock, Trickery (PHB'24) Cleric, Trickery (PHB'14) Cleric, Ambition (PSA) (PSA) Cleric, Ambition (PSA) (PSA) Cleric","You make yourself—including your clothing, armor, weapons, and other belongings on your person—look different until the spell ends. You can seem 1 foot shorter or taller and can appear heavier or lighter. You must adopt a form that has the same basic arrangement of limbs as you have. Otherwise, the extent of the illusion is up to you.

The changes wrought by this spell fail to hold up to physical inspection. For example, if you use this spell to add a hat to your outfit, objects pass through the hat, and anyone who touches it would feel nothing.

To discern that you are disguised, a creature must take the Study action to inspect your appearance and succeed on an Intelligence (Investigation) check against your spell save DC.",""
"Disintegrate","PHB'24","263","6th","Action","Instantaneous","Transmutation","60 feet","V, S, M (a lodestone and dust)","Sorcerer (PHB'24), Wizard (PHB'24)","","Arcana (SCAG) Cleric, Arcana (SCAG) Cleric","You launch a green ray at a target you can see within range. The target can be a creature, a nonmagical object, or a creation of magical force, such as the wall created by Wall of Force.

A creature targeted by this spell makes a Dexterity saving throw. On a failed save, the target takes 10d6 + 40 Force damage. If this damage reduces it to 0 Hit Points, it and everything nonmagical it is wearing and carrying are disintegrated into gray dust. The target can be revived only by a True Resurrection or a Wish spell.

This spell automatically disintegrates a Large or smaller nonmagical object or a creation of magical force. If such a target is Huge or larger, this spell disintegrates a 10-foot-Cube portion of it.","Using a Higher-Level Spell Slot. The damage increases by 3d6 for each spell slot level above 6."
"Dismiss Deity","CBT","0","5th","Action","Instantaneous","Abjuration","120 feet","V, S","Bard (PHB'24), Cleric (PHB'24), Druid (PHB'24), Sorcerer (PHB'24), Warlock (PHB'24), Wizard (PHB'24)","","","You exert the natural order of the cosmos and force a Mythos entity back from whence it came. Choose a Bloodied Mythos or Deity creature that you can see within range. The target is transported to a random location on a plane (GM's choice) associated with its creature type.",""
"Dispel Magic","PHB'24","264","3rd","Action","Instantaneous","Abjuration","120 feet","V, S","Artificer (EFA), Bard (PHB'24), Cleric (PHB'24), Druid (PHB'24), Paladin (PHB'24), Ranger (PHB'24), Sorcerer (PHB'24), Warlock (PHB'24), Wizard (PHB'24)","","Abjurer (PHB'24) Wizard, Arcana (SCAG) Cleric, Arcana (SCAG) Cleric, Arcane Trickster (PHB'24) Rogue, Arcane Trickster (PHB'14) Rogue, Clockwork (PHB'24) Sorcerer, Clockwork Soul (TCE) Sorcerer, Lore (PHB'24) Bard, Divine Soul (XGE) Sorcerer, Divine Soul (XGE) Sorcerer, Eldritch Knight (PHB'24) Fighter, Eldritch Knight (PHB'14) Fighter, Fey Wanderer (TCE) Ranger, Knowledge (FRHoF) Cleric, Lunar (DSotDQ) Sorcerer, Lunar (DSotDQ) Sorcerer, Devotion (PHB'24) Paladin, Devotion (PHB'14) Paladin, Spellfire (FRHoF) Sorcerer, Trickery (PHB'14) Cleric","Choose one creature, object, or magical effect within range. Any ongoing spell of level 3 or lower on the target ends. For each ongoing spell of level 4 or higher on the target, make an ability check using your spellcasting ability (DC 10 plus that spell's level). On a successful check, the spell ends.","Using a Higher-Level Spell Slot. You automatically end a spell on the target if the spell's level is equal to or less than the level of the spell slot you use."
"Distort Value","AI","75","1st","1 Min.","8 hours","Illusion","Touch","V","Bard (PHB'14), Bard (PHB'24), Sorcerer (PHB'14), Sorcerer (PHB'24), Warlock (PHB'14), Warlock (PHB'24), Wizard (PHB'14), Wizard (PHB'24)","","Arcane Trickster (PHB'24) Rogue, Arcane Trickster (PHB'14) Rogue, Lore (PHB'24) Bard, Eldritch Knight (PHB'24) Fighter, Eldritch Knight (PHB'14) Fighter, Illusionist (PHB'24) Wizard","Do you need to squeeze a few more gold pieces out of a merchant as you try to sell that weird octopus statue you liberated from the chaos temple? Do you need to downplay the worth of some magical assets when the tax collector stops by? Distort value has you covered.

You cast this spell on an object no more than 1 foot on a side, doubling the object's perceived value by adding illusory flourishes or polish to it, or reducing its perceived value by half with the help of illusory scratches, dents, and other unsightly features. Anyone examining the object can ascertain its true value with a successful Intelligence (Investigation) check against your spell save DC.","At Higher Levels. When you cast this spell using a spell slot of 2nd level or higher, the maximum size of the object increases by 1 foot for each slot level above 1st."
"Dominate Beast","PHB'24","265","4th","Action","Concentration, up to 1 minute","Enchantment","60 feet","V, S","Druid (PHB'24), Ranger (PHB'24), Sorcerer (PHB'24)","","Archfey (PHB'24) Warlock, Hollow Warden (RHW) Ranger, Nature (PHB'14) Cleric, Nature (PHB'14) Cleric, Conquest (XGE) Paladin, Conquest (XGE) Paladin, Archfey (PHB'14) Warlock, Great Old One (PHB'14) Warlock, Strength (PSA) (PSA) Cleric, Strength (PSA) (PSA) Cleric","One Beast you can see within range must succeed on a Wisdom saving throw or have the Charmed condition for the duration. The target has Advantage on the save if you or your allies are fighting it. Whenever the target takes damage, it repeats the save, ending the spell on itself on a success.

You have a telepathic link with the Charmed target while the two of you are on the same plane of existence. On your turn, you can use this link to issue commands to the target (no action required), such as ""Attack that creature,"" ""Move over there,"" or ""Fetch that object."" The target does its best to obey on its turn. If it completes an order and doesn't receive further direction from you, it acts and moves as it likes, focusing on protecting itself.

You can command the target to take a Reaction but must take your own Reaction to do so.","Using a Higher-Level Spell Slot. Your Concentration can last longer with a spell slot of level 5 (up to 10 minutes), 6 (up to 1 hour), or 7+ (up to 8 hours)."
"Dominate Monster","PHB'24","265","8th","Action","Concentration, up to 1 hour","Enchantment","60 feet","V, S","Bard (PHB'24), Sorcerer (PHB'24), Warlock (PHB'24), Wizard (PHB'24)","","Arcana (SCAG) Cleric, Arcana (SCAG) Cleric","One creature you can see within range must succeed on a Wisdom saving throw or have the Charmed condition for the duration. The target has Advantage on the save if you or your allies are fighting it. Whenever the target takes damage, it repeats the save, ending the spell on itself on a success.

You have a telepathic link with the Charmed target while the two of you are on the same plane of existence. On your turn, you can use this link to issue commands to the target (no action required), such as ""Attack that creature,"" ""Move over there,"" or ""Fetch that object."" The target does its best to obey on its turn. If it completes an order and doesn't receive further direction from you, it acts and moves as it likes, focusing on protecting itself.

You can command the target to take a Reaction but must take your own Reaction to do so.","Using a Higher-Level Spell Slot. Your Concentration can last longer with a level 9 spell slot (up to 8 hours)."
"Dominate Person","PHB'24","266","5th","Action","Concentration, up to 1 minute","Enchantment","60 feet","V, S","Bard (PHB'24), Sorcerer (PHB'24), Wizard (PHB'24)","","Archfey (PHB'24) Warlock, Horned King (TCM'24) Warlock, Conquest (XGE) Paladin, Conquest (XGE) Paladin, Oathbreaker (DMG'14) Paladin, Oathbreaker (DMG'14) Paladin, Order (TCE) Cleric, Order (TCE) Cleric, Archfey (PHB'14) Warlock, Great Old One (PHB'14) Warlock, Horned King (TCM'14) Warlock, Horned King (TCM'14) Warlock, Trickery (PHB'14) Cleric, Trickery (PHB'24) Cleric, Ambition (PSA) (PSA) Cleric, Ambition (PSA) (PSA) Cleric","One Humanoid you can see within range must succeed on a Wisdom saving throw or have the Charmed condition for the duration. The target has Advantage on the save if you or your allies are fighting it. Whenever the target takes damage, it repeats the save, ending the spell on itself on a success.

You have a telepathic link with the Charmed target while the two of you are on the same plane of existence. On your turn, you can use this link to issue commands to the target (no action required), such as ""Attack that creature,"" ""Move over there,"" or ""Fetch that object."" The target does its best to obey on its turn. If it completes an order and doesn't receive further direction from you, it acts and moves as it likes, focusing on protecting itself.

You can command the target to take a Reaction but must take your own Reaction to do so.","Using a Higher-Level Spell Slot. Your Concentration can last longer with a spell slot of level 6 (up to 10 minutes), 7 (up to 1 hour), or 8+ (up to 8 hours)."
"Draconic Transformation","FTD","19","7th","Bonus","Concentration, up to 1 minute","Transmutation","Self","V, S, M (a statuette of a dragon, worth at least 500 gp)","","Druid (PHB'14), Druid (PHB'24), Sorcerer (PHB'14), Sorcerer (PHB'24), Wizard (PHB'14), Wizard (PHB'24)","Arcana (SCAG) Cleric, Arcana (SCAG) Cleric","With a roar, you draw on the magic of dragons to transform yourself, taking on draconic features. You gain the following benefits until the spell ends:

Blindsight. You have blindsight with a range of 30 feet. Within that range, you can effectively see anything that isn't behind total cover, even if you're blinded or in darkness. Moreover, you can see an invisible creature, unless the creature successfully hides from you.

Breath Weapon. When you cast this spell, and as a bonus action on subsequent turns for the duration, you can exhale shimmering energy in a 60-foot cone. Each creature in that area must make a Dexterity saving throw, taking 6d8 force damage on a failed save, or half as much damage on a successful one.

Wings. Incorporeal wings sprout from your back, giving you a flying speed of 60 feet.",""
"Dragon's Breath","PHB'24","266","2nd","Bonus","Concentration, up to 1 minute","Transmutation","Touch","V, S, M (a hot pepper)","Artificer (EFA), Sorcerer (PHB'24), Wizard (PHB'24)","","Arcane Trickster (PHB'24) Rogue, Arcane Trickster (PHB'14) Rogue, Lore (PHB'24) Bard, Draconic (PHB'24) Sorcerer, Eldritch Knight (PHB'24) Fighter, Eldritch Knight (PHB'14) Fighter","You touch one willing creature, and choose Acid, Cold, Fire, Lightning, or Poison. Until the spell ends, the target can take a Magic action to exhale a 15-foot Cone. Each creature in that area makes a Dexterity saving throw, taking 3d6 damage of the chosen type on a failed save or half as much damage on a successful one.","Using a Higher-Level Spell Slot. The damage increases by 1d6 for each spell slot level above 2."
"Dread Curse of Azathoth","CBT","0","7th","Bonus","Concentration, up to 1 minute","Evocation","120 feet","V","Sorcerer (PHB'24), Warlock (PHB'24), Wizard (PHB'24)","","","You utter the secret name of Azathoth and doom a creature to an inevitable death unless it breaks the spell. The creature gains a curse point at the end of each of its turns. When the creature gains its third curse point, it dies. It loses all curse points when the spell ends.",""
"Dream of the Blue Veil","TCE","106","7th","10 Min.","6 hours","Conjuration","20 feet","V, S, M (a magic item or a willing creature from the destination world)","","Bard (PHB'14), Bard (PHB'24), Sorcerer (PHB'14), Sorcerer (PHB'24), Warlock (PHB'14), Warlock (PHB'24), Wizard (PHB'14), Wizard (PHB'24)","Arcana (SCAG) Cleric, Arcana (SCAG) Cleric","You and up to eight willing creatures within range fall unconscious for the spell's duration and experience visions of another world on the Material Plane, such as Oerth, Toril, Krynn, or Eberron. If the spell reaches its full duration, the visions conclude with each of you encountering and pulling back a mysterious blue curtain. The spell then ends with you mentally and physically transported to the world that was in the visions.

To cast this spell, you must have a magic item that originated on the world you wish to reach, and you must be aware of the world's existence, even if you don't know the world's name. Your destination in the other world is a safe location within 1 mile of where the magic item was created. Alternatively, you can cast the spell if one of the affected creatures was born on the other world, which causes your destination to be a safe location within 1 mile of where that creature was born.

The spell ends early on a creature if that creature takes any damage, and the creature isn't transported. If you take any damage, the spell ends for you and all the other creatures, with none of you being transported.",""
"Dust Devil","XGE","154","2nd","Action","Concentration, up to 1 minute","Conjuration","60 feet","V, S, M (a pinch of dust)","","Druid (PHB'14), Druid (PHB'24), Sorcerer (PHB'14), Sorcerer (PHB'24), Wizard (PHB'14), Wizard (PHB'24)","Arcane Trickster (PHB'24) Rogue, Arcane Trickster (PHB'14) Rogue, Lore (PHB'24) Bard, Eldritch Knight (PHB'24) Fighter, Eldritch Knight (PHB'14) Fighter","Choose an unoccupied 5-foot cube of air that you can see within range. An elemental force that resembles a dust devil appears in the cube and lasts for the spell's duration.

Any creature that ends its turn within 5 feet of the dust devil must make a Strength saving throw. On a failed save, the creature takes 1d8 bludgeoning damage and is pushed 10 feet away from the dust devil. On a successful save, the creature takes half as much damage and isn't pushed.

As a bonus action, you can move the dust devil up to 30 feet in any direction. If the dust devil moves over sand, dust, loose dirt, or light gravel, it sucks up the material and forms a 10-foot-radius cloud of debris around itself that lasts until the start of your next turn. The cloud heavily obscures its area.","At Higher Levels. When you cast this spell using a spell slot of 3rd level or higher, the damage increases by 1d8 for each slot level above 2nd."
"Dust of Suleiman","CBT","0","4th","Action","Concentration, up to 10 minutes","Conjuration","120 feet","V, S","Cleric (PHB'24), Druid (PHB'24), Sorcerer (PHB'24), Warlock (PHB'24), Wizard (PHB'24)","","","You conjure a cloud of fine dust that harms supernatural creatures. You create a 30-foot-radius Sphere of dust centered on a point within range. Choose a creature type other than Beast or Humanoid. Each creature of the chosen type within the Sphere take 20 Force damage. A creature also takes this damage when it enters the Sphere or ends its turn there. A creature can take this damage only once per turn.",""
"Earth Tremor","XGE","155","1st","Action","Instantaneous","Evocation","10 feet","V, S","","Bard (PHB'14), Bard (PHB'24), Druid (PHB'14), Druid (PHB'24), Sorcerer (PHB'14), Sorcerer (PHB'24), Wizard (PHB'14), Wizard (PHB'24)","Arcane Trickster (PHB'24) Rogue, Arcane Trickster (PHB'14) Rogue, Lore (PHB'24) Bard, Eldritch Knight (PHB'24) Fighter, Eldritch Knight (PHB'14) Fighter, Evoker (PHB'24) Wizard","You cause a tremor in the ground within range. Each creature other than you in that area must make a Dexterity saving throw. On a failed save, a creature takes 1d6 bludgeoning damage and is knocked prone. If the ground in that area is loose earth or stone, it becomes difficult terrain until cleared, with each 5-foot-diameter portion requiring at least 1 minute to clear by hand.","At Higher Levels. When you cast this spell using a spell slot of 2nd level or higher, the damage increases by 1d6 for each slot level above 1st."
"Earthbind","XGE","154","2nd","Action","Concentration, up to 1 minute","Transmutation","300 feet","V","","Druid (PHB'14), Druid (PHB'24), Sorcerer (PHB'14), Sorcerer (PHB'24), Warlock (PHB'14), Warlock (PHB'24), Wizard (PHB'14), Wizard (PHB'24)","Arcane Trickster (PHB'24) Rogue, Arcane Trickster (PHB'14) Rogue, Lore (PHB'24) Bard, Eldritch Knight (PHB'24) Fighter, Eldritch Knight (PHB'14) Fighter","Choose one creature you can see within range. Yellow strips of magical energy loop around the creature. The target must succeed on a Strength saving throw, or its flying speed (if any) is reduced to 0 feet for the spell's duration. An airborne creature affected by this spell safely descends at 60 feet per round until it reaches the ground or the spell ends.",""
"Earthquake","PHB'24","267","8th","Action","Concentration, up to 1 minute","Transmutation","500 feet","V, S, M (a fractured rock)","Cleric (PHB'24), Druid (PHB'24), Sorcerer (PHB'24)","","Divine Soul (XGE) Sorcerer, Divine Soul (XGE) Sorcerer","Choose a point on the ground that you can see within range. For the duration, an intense tremor rips through the ground in a 100-foot-radius circle centered on that point. The ground there is Difficult Terrain.

When you cast this spell and at the end of each of your turns for the duration, each creature on the ground in the area makes a Dexterity saving throw. On a failed save, a creature has the Prone condition, and its Concentration is broken.

You can also cause the effects below.

Fissures. A total of 1d6 fissures open in the spell's area at the end of the turn you cast it. You choose the fissures' locations, which can't be under structures. Each fissure is 1d10 × 10 feet deep and 10 feet wide, and it extends from one edge of the spell's area to another edge. A creature in the same space as a fissure must succeed on a Dexterity saving throw or fall in. A creature that successfully saves moves with the fissure's edge as it opens.

Structures. The tremor deals 50 Bludgeoning damage to any structure in contact with the ground in the area when you cast the spell and at the end of each of your turns until the spell ends. If a structure drops to 0 Hit Points, it collapses.

A creature within a distance from a collapsing structure equal to half the structure's height makes a Dexterity saving throw. On a failed save, the creature takes 12d6 Bludgeoning damage, has the Prone condition, and is buried in the rubble, requiring a DC 20 Strength (Athletics) check as an action to escape. On a successful save, the creature takes half as much damage only.",""
"Elementalism","PHB'24","267","Cantrip","Action","Instantaneous","Transmutation","30 feet","V, S","Artificer (EFA), Druid (PHB'24), Sorcerer (PHB'24), Wizard (PHB'24)","","Arcana (SCAG) Cleric, Arcana (SCAG) Cleric, Arcane Trickster (PHB'24) Rogue, Arcane Trickster (PHB'14) Rogue, Land (PHB'14) Druid, Lore (PHB'24) Bard, Moon (FRHoF) Bard, Eldritch Knight (PHB'24) Fighter, Eldritch Knight (PHB'14) Fighter, Nature (PHB'14) Cleric, Nature (PHB'14) Cleric, Noble Genies (FRHoF) Paladin, Elements (PHB'24) Monk, Strength (PSA) (PSA) Cleric, Strength (PSA) (PSA) Cleric","You exert control over the elements, creating one of the following effects within range.

Beckon Air. You create a breeze strong enough to ripple cloth, stir dust, rustle leaves, and close open doors and shutters, all in a 5-foot Cube. Doors and shutters being held open by someone or something aren't affected.

Beckon Earth. You create a thin shroud of dust or sand that covers surfaces in a 5-foot-square area, or you cause a single word to appear in your handwriting in a patch of dirt or sand.

Beckon Fire. You create a thin cloud of harmless embers and colored, scented smoke in a 5-foot Cube. You choose the color and scent, and the embers can light candles, torches, or lamps in that area. The smoke's scent lingers for 1 minute.

Beckon Water. You create a spray of cool mist that lightly dampens creatures and objects in a 5-foot Cube. Alternatively, you create 1 cup of clean water either in an open container or on a surface, and the water evaporates in 1 minute.

Sculpt Element. You cause dirt, sand, fire, smoke, mist, or water that can fit in a 1-foot Cube to assume a crude shape (such as that of a creature) for 1 hour.",""
"Elminster's Effulgent Spheres","FRHoF","144","6th","Action","1 hour","Evocation","Self","V, S, M (an opal worth 1,000 GP+)","Druid (PHB'24), Sorcerer (PHB'24), Wizard (PHB'24)","","Arcana (SCAG) Cleric, Arcana (SCAG) Cleric, Evoker (PHB'24) Wizard","Six chromatic spheres orbit you for the duration.

While the spheres are present, you can expend spheres to create the following effects:

Absorb Energy. When you take Acid, Cold, Fire, Lightning, or Thunder damage, you can take a Reaction to expend one sphere and give yourself Resistance to the triggering damage type until the start of your next turn.

Energy Blast. As a Bonus Action, you send one sphere hurtling toward a target within 120 feet of yourself. Make a ranged spell attack. On a hit, the target takes 3d6 Acid, Cold, Fire, Lightning, or Thunder damage (your choice). Regardless of whether you hit, the sphere is expended.

The spell ends early if you have no more spheres remaining.","Using a Higher-Level Spell Slot. The number of spheres increases by 1 for every spell slot level above 6."
"Enemies Abound","XGE","155","3rd","Action","Concentration, up to 1 minute","Enchantment","120 feet","V, S","","Bard (PHB'14), Bard (PHB'24), Sorcerer (PHB'14), Sorcerer (PHB'24), Warlock (PHB'14), Warlock (PHB'24), Wizard (PHB'14), Wizard (PHB'24)","Arcane Trickster (PHB'24) Rogue, Arcane Trickster (PHB'14) Rogue, Lore (PHB'24) Bard, Eldritch Knight (PHB'24) Fighter, Eldritch Knight (PHB'14) Fighter","You reach into the mind of one creature you can see and force it to make an Intelligence saving throw. A creature automatically succeeds if it is immune to being frightened. On a failed save, the target loses the ability to distinguish friend from foe, regarding all creatures it can see as enemies until the spell ends. Each time the target takes damage, it can repeat the saving throw, ending the effect on itself on a success.

Whenever the affected creature chooses another creature as a target, it must choose the target at random from among the creatures it can see within range of the attack, spell, or other ability it's using. If an enemy provokes an opportunity attack from the affected creature, the creature must make that attack if it is able to.",""
"Enervation","XGE","155","5th","Action","Concentration, up to 1 minute","Necromancy","60 feet","V, S","","Sorcerer (PHB'14), Sorcerer (PHB'24), Warlock (PHB'14), Warlock (PHB'24), Wizard (PHB'14), Wizard (PHB'24)","","A tendril of inky darkness reaches out from you, touching a creature you can see within range to drain life from it. The target must make a Dexterity saving throw. On a successful save, the target takes 2d8 necrotic damage, and the spell ends. On a failed save, the target takes 4d8 necrotic damage, and until the spell ends, you can use your action on each of your turns to automatically deal 4d8 necrotic damage to the target. The spell ends if you use your action to do anything else, if the target is ever outside the spell's range, or if the target has total cover from you.

Whenever the spell deals damage to a target, you regain hit points equal to half the amount of necrotic damage the target takes.","At Higher Levels. When you cast this spell using a spell slot of 6th level or higher, the damage increases by 1d8 for each slot level above 5th."
"Enhance Ability","PHB'24","268","2nd","Action","Concentration, up to 1 hour","Transmutation","Touch","V, S, M (fur or a feather)","Artificer (EFA), Bard (PHB'24), Cleric (PHB'24), Druid (PHB'24), Ranger (PHB'24), Sorcerer (PHB'24), Wizard (PHB'24)","","Arcane Trickster (PHB'24) Rogue, Arcane Trickster (PHB'14) Rogue, Lore (PHB'24) Bard, Divine Soul (XGE) Sorcerer, Divine Soul (XGE) Sorcerer, Eldritch Knight (PHB'24) Fighter, Eldritch Knight (PHB'14) Fighter, Glory (PHB'24) Paladin, Glory (TCE) Paladin, Reanimator (RHW) Artificer, Strength (PSA) (PSA) Cleric, Strength (PSA) (PSA) Cleric","You touch a creature and choose Strength, Dexterity, Intelligence, Wisdom, or Charisma. For the duration, the target has Advantage on ability checks using the chosen ability.","Using a Higher-Level Spell Slot. You can target one additional creature for each spell slot level above 2. You can choose a different ability for each target."
"Enlarge/Reduce","PHB'24","268","2nd","Action","Concentration, up to 1 minute","Transmutation","30 feet","V, S, M (a pinch of powdered iron)","Artificer (EFA), Bard (PHB'24), Druid (PHB'24), Sorcerer (PHB'24), Wizard (PHB'24)","","Arcane Trickster (PHB'24) Rogue, Arcane Trickster (PHB'14) Rogue, Lore (PHB'24) Bard, Eldritch Knight (PHB'24) Fighter, Eldritch Knight (PHB'14) Fighter","For the duration, the spell enlarges or reduces a creature or an object you can see within range (see the chosen effect below). A targeted object must be neither worn nor carried. If the target is an unwilling creature, it can make a Constitution saving throw. On a successful save, the spell has no effect.

Everything that a targeted creature is wearing and carrying changes size with it. Any item it drops returns to normal size at once. A thrown weapon or piece of ammunition returns to normal size immediately after it hits or misses a target.

Enlarge. The target's size increases by one category—from Medium to Large, for example. The target also has Advantage on Strength checks and Strength saving throws. The target's attacks with its enlarged weapons or Unarmed Strikes deal an extra 1d4 damage on a hit.

Reduce. The target's size decreases by one category—from Medium to Small, for example. The target also has Disadvantage on Strength checks and Strength saving throws. The target's attacks with its reduced weapons or Unarmed Strikes deal 1d4 less damage on a hit (this can't reduce the damage below 1).",""
"Erupting Earth","XGE","155","3rd","Action","Instantaneous","Transmutation","120 feet","V, S, M (a piece of obsidian)","","Druid (PHB'14), Druid (PHB'24), Sorcerer (PHB'14), Sorcerer (PHB'24), Wizard (PHB'14), Wizard (PHB'24)","Arcane Trickster (PHB'24) Rogue, Arcane Trickster (PHB'14) Rogue, Lore (PHB'24) Bard, Eldritch Knight (PHB'24) Fighter, Eldritch Knight (PHB'14) Fighter","Choose a point you can see on the ground within range. A fountain of churned earth and stone erupts in a 20-foot cube centered on that point. Each creature in that area must make a Dexterity saving throw. A creature takes 3d12 bludgeoning damage on a failed save, or half as much damage on a successful one. Additionally, the ground in that area becomes difficult terrain until cleared. Each 5-foot-square portion of the area requires at least 1 minute to clear by hand.","At Higher Levels. When you cast this spell using a spell slot of 4th level or higher, the damage increases by 1d12 for each slot level above 3rd."
"Etherealness","PHB'24","269","7th","Action","8 hours","Conjuration","Self","V, S","Bard (PHB'24), Cleric (PHB'24), Sorcerer (PHB'24), Warlock (PHB'24), Wizard (PHB'24)","","Arcana (SCAG) Cleric, Arcana (SCAG) Cleric, Divine Soul (XGE) Sorcerer, Divine Soul (XGE) Sorcerer","You step into the border regions of the Ethereal Plane, where it overlaps with your current plane. You remain in the Border Ethereal for the duration. During this time, you can move in any direction. If you move up or down, every foot of movement costs an extra foot. You can perceive the plane you left, which looks gray, and you can't see anything there more than 60 feet away.

While on the Ethereal Plane, you can affect and be affected only by creatures, objects, and effects on that plane. Creatures that aren't on the Ethereal Plane can't perceive or interact with you unless a feature gives them the ability to do so.

When the spell ends, you return to the plane you left in the spot that corresponds to your space in the Border Ethereal. If you appear in an occupied space, you are shunted to the nearest unoccupied space and take Force damage equal to twice the number of feet you are moved.

This spell ends instantly if you cast it while you are on the Ethereal Plane or a plane that doesn't border it, such as one of the Outer Planes.","Using a Higher-Level Spell Slot. You can target up to three willing creatures (including yourself) for each spell slot level above 7. The creatures must be within 10 feet of you when you cast the spell."
"Evil Eye","CBT","0","Cantrip","Action","1 round","Enchantment","120 feet","S","Druid (PHB'24), Sorcerer (PHB'24), Warlock (PHB'24), Wizard (PHB'24)","","","You glare at a creature that you can see within range, imposing a baleful hex on it. The target takes 1d4 + 2 Psychic damage, and attack rolls and Unarmed Strikes against it can score a Critical Hit on a roll of 19 or 20 on the d20.","Cantrip Upgrade. The damage increases by 1d4 + 2 when you reach levels 5 (2d4 + 4), 11 (3d4 + 6), and 17 (4d4 + 8)."
"Expeditious Retreat","PHB'24","270","1st","Bonus","Concentration, up to 10 minutes","Transmutation","Self","V, S","Artificer (EFA), Sorcerer (PHB'24), Warlock (PHB'24), Wizard (PHB'24)","","Arcane Trickster (PHB'24) Rogue, Arcane Trickster (PHB'14) Rogue, Lore (PHB'24) Bard, Eldritch Knight (PHB'24) Fighter, Eldritch Knight (PHB'14) Fighter","You take the Dash action, and until the spell ends, you can take that action again as a Bonus Action.",""
"Eyebite","PHB'24","270","6th","Action","Concentration, up to 1 minute","Necromancy","Self","V, S","Bard (PHB'24), Sorcerer (PHB'24), Warlock (PHB'24), Wizard (PHB'24)","","Arcana (SCAG) Cleric, Arcana (SCAG) Cleric","For the duration, your eyes become an inky void. One creature of your choice within 60 feet of you that you can see must succeed on a Wisdom saving throw or be affected by one of the following effects of your choice for the duration.

On each of your turns until the spell ends, you can take a Magic action to target another creature but can't target a creature again if it has succeeded on a save against this casting of the spell.

Asleep. The target has the Unconscious condition. It wakes up if it takes any damage or if another creature takes an action to shake it awake.

Panicked. The target has the Frightened condition. On each of its turns, the Frightened target must take the Dash action and move away from you by the safest and shortest route available. If the target moves to a space at least 60 feet away from you where it can't see you, this effect ends.

Sickened. The target has the Poisoned condition.",""
"False Life","PHB'24","271","1st","Action","Instantaneous","Necromancy","Self","V, S, M (a drop of alcohol)","Artificer (EFA), Sorcerer (PHB'24), Wizard (PHB'24)","","Arcane Trickster (PHB'24) Rogue, Arcane Trickster (PHB'14) Rogue, Lore (PHB'24) Bard, Death (DMG'14) Cleric, Death (DMG'14) Cleric, Eldritch Knight (PHB'24) Fighter, Eldritch Knight (PHB'14) Fighter, Grave (RHW) Cleric, Grave (XGE) Cleric, Reanimator (RHW) Artificer, Undead (VRGR) Warlock, Undying (SCAG) Warlock, Undying (SCAG) Warlock","You gain 2d4 + 4 Temporary Hit Points.","Using a Higher-Level Spell Slot. You gain 5 additional Temporary Hit Points for each spell slot level above 1."
"Far Step","XGE","155","5th","Bonus","Concentration, up to 1 minute","Conjuration","Self","V","","Sorcerer (PHB'14), Sorcerer (PHB'24), Warlock (PHB'14), Warlock (PHB'24), Wizard (PHB'14), Wizard (PHB'24)","","You teleport up to 60 feet to an unoccupied space you can see. On each of your turns before the spell ends, you can use a bonus action to teleport in this way again.",""
"Fear","PHB'24","271","3rd","Action","Concentration, up to 1 minute","Illusion","Self","V, S, M (a white feather)","Bard (PHB'24), Sorcerer (PHB'24), Warlock (PHB'24), Wizard (PHB'24)","","Apocalypse (CBT) Cleric, Arcane Trickster (PHB'24) Rogue, Arcane Trickster (PHB'14) Rogue, Lore (PHB'24) Bard, Draconic (PHB'24) Sorcerer, Eldritch Knight (PHB'24) Fighter, Eldritch Knight (PHB'14) Fighter, Gloom Stalker (PHB'24) Ranger, Gloom Stalker (XGE) Ranger, Grim Harbinger (TCM'24) Ranger, Grim Harbinger (TCM'14) Ranger, Grim Harbinger (TCM'14) Ranger, Hungering Dark (CBT) Sorcerer, Illusionist (PHB'24) Wizard, Conquest (XGE) Paladin, Conquest (XGE) Paladin","Each creature in a 30-foot Cone must succeed on a Wisdom saving throw or drop whatever it is holding and have the Frightened condition for the duration.

A Frightened creature takes the Dash action and moves away from you by the safest route on each of its turns unless there is nowhere to move. If the creature ends its turn in a space where it doesn't have line of sight to you, the creature makes a Wisdom saving throw. On a successful save, the spell ends on that creature.",""
"Feather Fall","PHB'24","271","1st","Reaction","1 minute","Transmutation","60 feet","V, M (a small feather or piece of down)","Artificer (EFA), Bard (PHB'24), Sorcerer (PHB'24), Wizard (PHB'24)","","Arcane Trickster (PHB'24) Rogue, Arcane Trickster (PHB'14) Rogue, Lore (PHB'24) Bard, Eldritch Knight (PHB'24) Fighter, Eldritch Knight (PHB'14) Fighter, Feline Court (CBT) Warlock","Choose up to five falling creatures within range. A falling creature's rate of descent slows to 60 feet per round until the spell ends. If a creature lands before the spell ends, the creature takes no damage from the fall, and the spell ends for that creature.",""
"Feline Chaos","CBT","0","5th","Action","Concentration, up to 1 minute","Conjuration","120 feet","V","Bard (PHB'24), Druid (PHB'24), Sorcerer (PHB'24), Warlock (PHB'24), Wizard (PHB'24)","","Feline Court (CBT) Warlock","A horde of spectral cats rushes from your outstretched hands to swarm over an area. You target creatures of your choice in a 20-foot-radius Sphere centered on a point within range. Each target must succeed on a Dexterity saving throw or be affected by this spell for the duration. An affected target takes 4d6 Slashing damage at the start of each of their turns, and they have Disadvantage on all ability checks and attack rolls. If they attempt to move, they must make a Constitution saving throw or gain the Prone condition, taking another 2d6 Slashing damage from the startled cats. At the end of their turn an affected creature makes another Dexterity saving throw, ending the spell on itself on a success.","Using a Higher-Level Spell Slot. When you cast this spell using a spell slot of 6th level or higher, the damage at the start of an affected target's turns increases by 2d6 for each slot level above 5th."
"Feline Grace","CBT","0","2nd","Bonus","1 hour","Transmutation","Self","V","Bard (PHB'24), Druid (PHB'24), Ranger (PHB'24), Sorcerer (PHB'24), Warlock (PHB'24), Wizard (PHB'24)","","Feline Court (CBT) Warlock","You gain the unerring reflexes and balance of a cat. Until the spell ends, you gain the following benefits:

You are immune to the Prone condition while you don't have the Incapacitated condition, as you always land on your feet.

You can take a Reaction when you fall to reduce any damage you take from the fall by an amount equal to five times your level.

You gain Advantage on Dexterity checks and saving throws.

Your jump distance is doubled.",""
"Finger of Death","PHB'24","273","7th","Action","Instantaneous","Necromancy","60 feet","V, S","Sorcerer (PHB'24), Warlock (PHB'24), Wizard (PHB'24)","","Arcana (SCAG) Cleric, Arcana (SCAG) Cleric","You unleash negative energy toward a creature you can see within range. The target makes a Constitution saving throw, taking 7d8 + 30 Necrotic damage on a failed save or half as much damage on a successful one.

A Humanoid killed by this spell rises at the start of your next turn as a Zombie that follows your verbal orders.",""
"Fire Bolt","PHB'24","274","Cantrip","Action","Instantaneous","Evocation","120 feet","V, S","Artificer (EFA), Sorcerer (PHB'24), Wizard (PHB'24)","","Arcana (SCAG) Cleric, Arcana (SCAG) Cleric, Arcane Trickster (PHB'24) Rogue, Arcane Trickster (PHB'14) Rogue, Land (Arid Land) (PHB'24) Druid, Lore (PHB'24) Bard, Eldritch Knight (PHB'24) Fighter, Eldritch Knight (PHB'14) Fighter, Evoker (PHB'24) Wizard","You hurl a mote of fire at a creature or an object within range. Make a ranged spell attack against the target. On a hit, the target takes 1d10 Fire damage. A flammable object hit by this spell starts burning if it isn't being worn or carried.","Cantrip Upgrade. The damage increases by 1d10 when you reach levels 5 (2d10), 11 (3d10), and 17 (4d10)."
"Fire Shield","PHB'24","274","4th","Action","10 minutes","Evocation","Self","V, S, M (a bit of phosphorus or a firefly)","Druid (PHB'24), Sorcerer (PHB'24), Wizard (PHB'24)","","Arcane Trickster (PHB'14) Rogue, Arcane Trickster (PHB'24) Rogue, Armorer (TCE) Artificer, Armorer (EFA) Artificer, Battle Smith (TCE) Artificer, Battle Smith (EFA) Artificer, Wildfire (TCE) Druid, Wildfire (TCE) Druid, Eldritch Knight (PHB'14) Fighter, Eldritch Knight (PHB'24) Fighter, Evoker (PHB'24) Wizard, Fiend (PHB'24) Warlock, Spellfire (FRHoF) Sorcerer, Fiend (PHB'14) Warlock, Genie (Efreeti) (TCE) Warlock, Genie (Efreeti) (TCE) Warlock, War (PHB'24) Cleric, Zeal (PSA) (PSA) Cleric, Zeal (PSA) (PSA) Cleric","Wispy flames wreathe your body for the duration, shedding Bright Light in a 10-foot radius and Dim Light for an additional 10 feet.

The flames provide you with a warm shield or a chill shield, as you choose. The warm shield grants you Resistance to Cold damage, and the chill shield grants you Resistance to Fire damage.

In addition, whenever a creature within 5 feet of you hits you with a melee attack roll, the shield erupts with flame. The attacker takes 2d8 Fire damage from a warm shield or 2d8 Cold damage from a chill shield.",""
"Fire Storm","PHB'24","275","7th","Action","Instantaneous","Evocation","150 feet","V, S","Cleric (PHB'24), Druid (PHB'24), Sorcerer (PHB'24)","","Divine Soul (XGE) Sorcerer, Divine Soul (XGE) Sorcerer","A storm of fire appears within range. The area of the storm consists of up to ten 10-foot Cubes, which you arrange as you like. Each Cube must be contiguous with at least one other Cube. Each creature in the area makes a Dexterity saving throw, taking 7d10 Fire damage on a failed save or half as much damage on a successful one.

Flammable objects in the area that aren't being worn or carried start burning.",""
"Fireball","PHB'24","274","3rd","Action","Instantaneous","Evocation","150 feet","V, S, M (a ball of bat guano and sulfur)","Sorcerer (PHB'24), Wizard (PHB'24)","","Arcane Trickster (PHB'24) Rogue, Arcane Trickster (PHB'14) Rogue, Artillerist (TCE) Artificer, Artillerist (EFA) Artificer, Land (Arid Land) (PHB'24) Druid, Lore (PHB'24) Bard, Eldritch Knight (PHB'24) Fighter, Eldritch Knight (PHB'14) Fighter, Evoker (PHB'24) Wizard, Fiend (PHB'24) Warlock, Light (PHB'24) Cleric, Light (PHB'14) Cleric, Fiend (PHB'14) Warlock, Genie (Efreeti) (TCE) Warlock, Genie (Efreeti) (TCE) Warlock, Zeal (PSA) (PSA) Cleric, Zeal (PSA) (PSA) Cleric","A bright streak flashes from you to a point you choose within range and then blossoms with a low roar into a fiery explosion. Each creature in a 20-foot-radius Sphere centered on that point makes a Dexterity saving throw, taking 8d6 Fire damage on a failed save or half as much damage on a successful one.

Flammable objects in the area that aren't being worn or carried start burning.","Using a Higher-Level Spell Slot. The damage increases by 1d6 for each spell slot level above 3."
"Fist of Yog-Sothoth","CBT","0","4th","Action","Instantaneous","Conjuration","120 feet","V, S","Sorcerer (PHB'24), Warlock (PHB'24), Wizard (PHB'24)","","","You conjure a horrid tendril of Yog-Sothoth into reality to batter your foe. One creature of your choice that you can see within range makes a Strength saving throw. On a failed save, it takes 8d6 Necrotic damage, has the Prone condition, and you move it up to 40 feet in any direction. On a successful save, it takes 8d6 Necrotic damage only.",""
"Fizban's Platinum Shield","FTD","20","6th","Bonus","Concentration, up to 1 minute","Abjuration","60 feet","V, S, M (a platinum-plated dragon scale, worth at least 500 gp)","","Sorcerer (PHB'14), Sorcerer (PHB'24), Wizard (PHB'14), Wizard (PHB'24)","Abjurer (PHB'24) Wizard, Arcana (SCAG) Cleric, Arcana (SCAG) Cleric","You create a field of silvery light that surrounds a creature of your choice within range (you can choose yourself). The field sheds dim light out to 5 feet. While surrounded by the field, a creature gains the following benefits:

Cover. The creature has half cover.

Damage Resistance. The creature has resistance to acid, cold, fire, lightning, and poison damage.

Evasion. If the creature is subjected to an effect that allows it to make a Dexterity saving throw to take only half damage, the creature instead takes no damage if it succeeds on the saving throw, and only half damage if it fails.

As a bonus action on subsequent turns, you can move the field to another creature within 60 feet of the field.",""
"Flame Arrows","XGE","156","3rd","Action","Concentration, up to 1 hour","Transmutation","Touch","V, S","","Artificer (TCE), Artificer (EFA), Druid (PHB'14), Druid (PHB'24), Ranger (PHB'14), Ranger (PHB'24), Sorcerer (PHB'14), Sorcerer (PHB'24), Wizard (PHB'14), Wizard (PHB'24)","Arcane Trickster (PHB'24) Rogue, Arcane Trickster (PHB'14) Rogue, Lore (PHB'24) Bard, Eldritch Knight (PHB'24) Fighter, Eldritch Knight (PHB'14) Fighter","You touch a quiver containing arrows or bolts. When a target is hit by a ranged weapon attack using a piece of ammunition drawn from the quiver, the target takes an extra 1d6 fire damage. The spell's magic ends on a piece of ammunition when it hits or misses, and the spell ends when twelve pieces of ammunition have been drawn from the quiver.","At Higher Levels. When you cast this spell using a spell slot of 4th level or higher, the number of pieces of ammunition you can affect with this spell increases by two for each slot level above 3rd."
"Flame Blade","PHB'24","275","2nd","Bonus","Concentration, up to 10 minutes","Evocation","Self","V, S, M (a sumac leaf)","Druid (PHB'24), Sorcerer (PHB'24)","","Lore (PHB'24) Bard","You evoke a fiery blade in your free hand. The blade is similar in size and shape to a scimitar, and it lasts for the duration. If you let go of the blade, it disappears, but you can evoke it again as a Bonus Action.

As a Magic action, you can make a melee spell attack with the fiery blade. On a hit, the target takes Fire damage equal to 3d6 plus your spellcasting ability modifier.

The flaming blade sheds Bright Light in a 10-foot radius and Dim Light for an additional 10 feet.","Using a Higher-Level Spell Slot. The damage increases by 1d6 for each spell slot level above 2."
"Flaming Sphere","PHB'24","275","2nd","Action","Concentration, up to 1 minute","Conjuration","60 feet","V, S, M (a ball of wax)","Druid (PHB'24), Sorcerer (PHB'24), Wizard (PHB'24)","","Alchemist (TCE) Artificer, Alchemist (EFA) Artificer, Arcane Trickster (PHB'24) Rogue, Arcane Trickster (PHB'14) Rogue, Wildfire (TCE) Druid, Wildfire (TCE) Druid, Lore (PHB'24) Bard, Eldritch Knight (PHB'24) Fighter, Eldritch Knight (PHB'14) Fighter, Light (PHB'14) Cleric, Celestial (XGE) Warlock","You create a 5-foot-diameter sphere of fire in an unoccupied space on the ground within range. It lasts for the duration. Any creature that ends its turn within 5 feet of the sphere makes a Dexterity saving throw, taking 2d6 Fire damage on a failed save or half as much damage on a successful one.

As a Bonus Action, you can move the sphere up to 30 feet, rolling it along the ground. If you move the sphere into a creature's space, that creature makes the save against the sphere, and the sphere stops moving for the turn.

When you move the sphere, you can direct it over barriers up to 5 feet tall and jump it across pits up to 10 feet wide. Flammable objects that aren't being worn or carried start burning if touched by the sphere, and it sheds Bright Light in a 20-foot radius and Dim Light for an additional 20 feet.","Using a Higher-Level Spell Slot. The damage increases by 1d6 for each spell slot level above 2."
"Flesh to Stone","PHB'24","275","6th","Action","Concentration, up to 1 minute","Transmutation","60 feet","V, S, M (a cockatrice feather)","Druid (PHB'24), Sorcerer (PHB'24), Wizard (PHB'24)","","Arcana (SCAG) Cleric, Arcana (SCAG) Cleric","You attempt to turn one creature that you can see within range into stone. The target makes a Constitution saving throw. On a failed save, it has the Restrained condition for the duration. On a successful save, its Speed is 0 until the start of your next turn. Constructs automatically succeed on the save.

A Restrained target makes another Constitution saving throw at the end of each of its turns. If it successfully saves against this spell three times, the spell ends. If it fails its saves three times, it is turned to stone and has the Petrified condition for the duration. The successes and failures needn't be consecutive; keep track of both until the target collects three of a kind.

If you maintain your Concentration on this spell for the entire possible duration, the target is Petrified until the condition is ended by Greater Restoration or similar magic.",""
"Fly","PHB'24","276","3rd","Action","Concentration, up to 10 minutes","Transmutation","Touch","V, S, M (a feather)","Artificer (EFA), Sorcerer (PHB'24), Warlock (PHB'24), Wizard (PHB'24)","","Arcane Trickster (PHB'24) Rogue, Arcane Trickster (PHB'14) Rogue, Lore (PHB'24) Bard, Draconic (PHB'24) Sorcerer, Eldritch Knight (PHB'24) Fighter, Eldritch Knight (PHB'14) Fighter, Horned King (TCM'24) Warlock, Noble Genies (FRHoF) Paladin, Horned King (TCM'14) Warlock, Horned King (TCM'14) Warlock","You touch a willing creature. For the duration, the target gains a Fly Speed of 60 feet and can hover. When the spell ends, the target falls if it is still aloft unless it can stop the fall.","Using a Higher-Level Spell Slot. You can target one additional creature for each spell slot level above 3."
"Fog Cloud","PHB'24","276","1st","Action","Concentration, up to 1 hour","Conjuration","120 feet","V, S","Druid (PHB'24), Ranger (PHB'24), Sorcerer (PHB'24), Wizard (PHB'24)","","Arcane Trickster (PHB'24) Rogue, Arcane Trickster (PHB'14) Rogue, Land (Polar Land) (PHB'24) Druid, Sea (PHB'24) Druid, Lore (PHB'24) Bard, Eldritch Knight (PHB'24) Fighter, Eldritch Knight (PHB'14) Fighter, Tempest (PHB'14) Cleric, Tempest (PHB'14) Cleric, Genie (Marid) (TCE) Warlock, Genie (Marid) (TCE) Warlock","You create a 20-foot-radius Sphere of fog centered on a point within range. The Sphere is Heavily Obscured. It lasts for the duration or until a strong wind (such as one created by Gust of Wind) disperses it.","Using a Higher-Level Spell Slot. The fog's radius increases by 20 feet for each spell slot level above 1."
"Friends","PHB'24","277","Cantrip","Action","Concentration, up to 1 minute","Enchantment","10 feet","S, M (some makeup)","Bard (PHB'24), Sorcerer (PHB'24), Warlock (PHB'24), Wizard (PHB'24)","","Arcana (SCAG) Cleric, Arcana (SCAG) Cleric, Arcane Trickster (PHB'24) Rogue, Arcane Trickster (PHB'14) Rogue, Lore (PHB'24) Bard, Eldritch Knight (PHB'24) Fighter, Eldritch Knight (PHB'14) Fighter","You magically emanate a sense of friendship toward one creature you can see within range. The target must succeed on a Wisdom saving throw or have the Charmed condition for the duration. The target succeeds automatically if it isn't a Humanoid, if you're fighting it, or if you have cast this spell on it within the past 24 hours.

The spell ends early if the target takes damage or if you make an attack roll, deal damage, or force anyone to make a saving throw. When the spell ends, the target knows it was Charmed by you.",""
"Frostbite","XGE","156","Cantrip","Action","Instantaneous","Evocation","60 feet","V, S","","Artificer (TCE), Artificer (EFA), Druid (PHB'14), Druid (PHB'24), Sorcerer (PHB'14), Sorcerer (PHB'24), Warlock (PHB'14), Warlock (PHB'24), Wizard (PHB'14), Wizard (PHB'24)","Arcana (SCAG) Cleric, Arcana (SCAG) Cleric, Arcane Trickster (PHB'24) Rogue, Arcane Trickster (PHB'14) Rogue, Land (PHB'14) Druid, Lore (PHB'24) Bard, Moon (FRHoF) Bard, Eldritch Knight (PHB'24) Fighter, Eldritch Knight (PHB'14) Fighter, Evoker (PHB'24) Wizard, Nature (PHB'14) Cleric, Nature (PHB'14) Cleric, Strength (PSA) (PSA) Cleric, Strength (PSA) (PSA) Cleric","You cause numbing frost to form on one creature that you can see within range. The target must make a Constitution saving throw. On a failed save, the target takes 1d6 cold damage, and it has disadvantage on the next weapon attack roll it makes before the end of its next turn.

The spell's damage increases by 1d6 when you reach 5th level (2d6), 11th level (3d6), and 17th level (4d6).",""
"Gaseous Form","PHB'24","277","3rd","Action","Concentration, up to 1 hour","Transmutation","Touch","V, S, M (a bit of gauze)","Sorcerer (PHB'24), Warlock (PHB'24), Wizard (PHB'24)","","Alchemist (TCE) Artificer, Alchemist (EFA) Artificer, Arcane Trickster (PHB'24) Rogue, Arcane Trickster (PHB'14) Rogue, Spores (TCE) Druid, Spores (TCE) Druid, Land (Underdark) (PHB'14) Druid, Lore (PHB'24) Bard, Eldritch Knight (PHB'24) Fighter, Eldritch Knight (PHB'14) Fighter, Noble Genies (FRHoF) Paladin, Swarmkeeper (TCE) Ranger, Swarmkeeper (TCE) Ranger","A willing creature you touch shape-shifts, along with everything it's wearing and carrying, into a misty cloud for the duration. The spell ends on the target if it drops to 0 Hit Points or if it takes a Magic action to end the spell on itself.

While in this form, the target's only method of movement is a Fly Speed of 10 feet, and it can hover. The target can enter and occupy the space of another creature. The target has Resistance to Bludgeoning, Piercing, and Slashing damage; it has Immunity to the Prone condition; and it has Advantage on Strength, Dexterity, and Constitution saving throws. The target can pass through narrow openings, but it treats liquids as though they were solid surfaces.

The target can't talk or manipulate objects, and any objects it was carrying or holding can't be dropped, used, or otherwise interacted with. Finally, the target can't attack or cast spells.","Using a Higher-Level Spell Slot. You can target one additional creature for each spell slot level above 3."
"Gate","PHB'24","277","9th","Action","Concentration, up to 1 minute","Conjuration","60 feet","V, S, M (a diamond worth 5,000+ GP)","Cleric (PHB'24), Sorcerer (PHB'24), Warlock (PHB'24), Wizard (PHB'24)","","Arcana (SCAG) Cleric, Arcana (SCAG) Cleric, Divine Soul (XGE) Sorcerer, Divine Soul (XGE) Sorcerer","You conjure a portal linking an unoccupied space you can see within range to a precise location on a different plane of existence. The portal is a circular opening, which you can make 5 to 20 feet in diameter. You can orient the portal in any direction you choose. The portal lasts for the duration, and the portal's destination is visible through it.

The portal has a front and a back on each plane where it appears. Travel through the portal is possible only by moving through its front. Anything that does so is instantly transported to the other plane, appearing in the unoccupied space nearest to the portal.

Deities and other planar rulers can prevent portals created by this spell from opening in their presence or anywhere within their domains.

When you cast this spell, you can speak the name of a specific creature (a pseudonym, title, or nickname doesn't work). If that creature is on a plane other than the one you are on, the portal opens next to the named creature and transports it to the nearest unoccupied space on your side of the portal. You gain no special power over the creature, and it is free to act as the DM deems appropriate. It might leave, attack you, or help you.",""
"Gate Seal","SatO","12","4th","1 Min.","24 hours","Abjuration","60 feet","V, S, M (a broken portal key, which the spell consumes)","Sorcerer (PHB'14), Sorcerer (PHB'24), Warlock (PHB'14), Warlock (PHB'24), Wizard (PHB'14), Wizard (PHB'24)","","Abjurer (PHB'24) Wizard, Arcane Trickster (PHB'14) Rogue, Arcane Trickster (PHB'24) Rogue, Eldritch Knight (PHB'14) Fighter, Eldritch Knight (PHB'24) Fighter","You fortify the fabric of the planes in a 30-foot cube you can see within range. Within that area, portals close and can't be opened for the duration. Spells and other effects that allow planar travel or open portals, such as gate or plane shift, fail if used to enter or leave the area. The cube is stationary.","At Higher Levels. When you cast this spell using a spell slot of 6th level or higher, the spell lasts until dispelled."
"Ghastly Charge","TCM'24","129","6th","Action","Instantaneous","Necromancy","Self","V, S, M (a scrap of a banner)","Sorcerer (PHB'24), Warlock (PHB'24), Wizard (PHB'24)","","","You call forth the spirits of long-dead knights, which charge forward from you in a 90-foot long, 20-foot wide Line, and then vanish. Each creature of your choice in the Line must make a Wisdom saving throw. On a failed save, a target takes 5d12 Necrotic damage, has the Frightened condition until the start of your next turn, and must immediately use its Reaction, if available, to move as far from you as it can, using the safest route. On a successful save, the creature takes half as much damage only.","Using a Higher-Level Spell Slot. The damage increases by 1d12 for each spell slot level above 6."
"Globe of Invulnerability","PHB'24","279","6th","Action","Concentration, up to 1 minute","Abjuration","Self","V, S, M (a glass bead)","Sorcerer (PHB'24), Wizard (PHB'24)","","Abjurer (PHB'24) Wizard, Arcana (SCAG) Cleric, Arcana (SCAG) Cleric","An immobile, shimmering barrier appears in a 10-foot Emanation around you and remains for the duration.

Any spell of level 5 or lower cast from outside the barrier can't affect anything within it. Such a spell can target creatures and objects within the barrier, but the spell has no effect on them. Similarly, the area within the barrier is excluded from areas of effect created by such spells.","Using a Higher-Level Spell Slot. The barrier blocks spells of 1 level higher for each spell slot level above 6."
"Grease","PHB'24","280","1st","Action","1 minute","Conjuration","60 feet","V, S, M (a bit of pork rind or butter)","Artificer (EFA), Sorcerer (PHB'24), Wizard (PHB'24)","","Arcane Trickster (PHB'24) Rogue, Arcane Trickster (PHB'14) Rogue, Lore (PHB'24) Bard, Eldritch Knight (PHB'24) Fighter, Eldritch Knight (PHB'14) Fighter","Nonflammable grease covers the ground in a 10-foot square centered on a point within range and turns it into Difficult Terrain for the duration.

When the grease appears, each creature standing in its area must succeed on a Dexterity saving throw or have the Prone condition. A creature that enters the area or ends its turn there must also succeed on that save or fall Prone.",""
"Greater Invisibility","PHB'24","281","4th","Action","Concentration, up to 1 minute","Illusion","Touch","V, S","Bard (PHB'24), Sorcerer (PHB'24), Wizard (PHB'24)","","Arcane Trickster (PHB'14) Rogue, Arcane Trickster (PHB'24) Rogue, Archfey (PHB'24) Warlock, Armorer (TCE) Artificer, Armorer (EFA) Artificer, Land (Underdark) (PHB'14) Druid, Eldritch Knight (PHB'14) Fighter, Eldritch Knight (PHB'24) Fighter, Gloom Stalker (XGE) Ranger, Gloom Stalker (PHB'24) Ranger, Hungering Dark (CBT) Sorcerer, Illusionist (PHB'24) Wizard, Shadow (RHW) Sorcerer, Archfey (PHB'14) Warlock, Genie (Djinni) (TCE) Warlock, Genie (Djinni) (TCE) Warlock, Undead (VRGR) Warlock, Twilight (TCE) Cleric, Twilight (TCE) Cleric, Undead (RHW) Warlock","A creature you touch has the Invisible condition until the spell ends.",""
"Green-Flame Blade","TCE","107","Cantrip","Action","Instantaneous","Evocation","Self","S, M (a melee weapon worth at least 1 sp)","Artificer (TCE), Artificer (EFA), Sorcerer (PHB'14), Sorcerer (PHB'24), Warlock (PHB'14), Warlock (PHB'24), Wizard (PHB'14), Wizard (PHB'24)","Sorcerer (PHB'14), Sorcerer (PHB'24), Warlock (PHB'14), Warlock (PHB'24), Wizard (PHB'14), Wizard (PHB'24)","Arcana (SCAG) Cleric, Arcana (SCAG) Cleric, Arcane Trickster (PHB'24) Rogue, Arcane Trickster (PHB'14) Rogue, Lore (PHB'24) Bard, Eldritch Knight (PHB'24) Fighter, Eldritch Knight (PHB'14) Fighter, Evoker (PHB'24) Wizard","You brandish the weapon used in the spell's casting and make a melee attack with it against one creature within 5 feet of you. On a hit, the target suffers the weapon attack's normal effects, and you can cause green fire to leap from the target to a different creature of your choice that you can see within 5 feet of it. The second creature takes fire damage equal to your spellcasting ability modifier.

This spell's damage increases when you reach certain levels. At 5th level, the melee attack deals an extra 1d8 fire damage to the target on a hit, and the fire damage to the second creature increases to 1d8 + your spellcasting ability modifier. Both damage rolls increase by 1d8 at 11th level (2d8 and 2d8) and 17th level (3d8 and 3d8).",""
"Gust","XGE","157","Cantrip","Action","Instantaneous","Transmutation","30 feet","V, S","","Druid (PHB'14), Druid (PHB'24), Sorcerer (PHB'14), Sorcerer (PHB'24), Wizard (PHB'14), Wizard (PHB'24)","Arcana (SCAG) Cleric, Arcana (SCAG) Cleric, Arcane Trickster (PHB'24) Rogue, Arcane Trickster (PHB'14) Rogue, Land (PHB'14) Druid, Lore (PHB'24) Bard, Moon (FRHoF) Bard, Eldritch Knight (PHB'24) Fighter, Eldritch Knight (PHB'14) Fighter, Nature (PHB'14) Cleric, Nature (PHB'14) Cleric, Strength (PSA) (PSA) Cleric, Strength (PSA) (PSA) Cleric","You seize the air and compel it to create one of the following effects at a point you can see within range:

One Medium or smaller creature that you choose must succeed on a Strength saving throw or be pushed up to 5 feet away from you.You create a small blast of air capable of moving one object that is neither held nor carried and that weighs no more than 5 pounds. The object is pushed up to 10 feet away from you. It isn't pushed with enough force to cause damage.You create a harmless sensory effect using air, such as causing leaves to rustle, wind to slam shutters closed, or your clothing to ripple in a breeze.",""
"Gust of Wind","PHB'24","282","2nd","Action","Concentration, up to 1 minute","Evocation","Self","V, S, M (a legume seed)","Druid (PHB'24), Ranger (PHB'24), Sorcerer (PHB'24), Wizard (PHB'24)","","Arcane Trickster (PHB'24) Rogue, Arcane Trickster (PHB'14) Rogue, Sea (PHB'24) Druid, Lore (PHB'24) Bard, Eldritch Knight (PHB'24) Fighter, Eldritch Knight (PHB'14) Fighter, Evoker (PHB'24) Wizard, Tempest (PHB'14) Cleric, Tempest (PHB'14) Cleric, Fathomless (TCE) Warlock, Fathomless (TCE) Warlock, Genie (Djinni) (TCE) Warlock, Genie (Djinni) (TCE) Warlock","A Line of strong wind 60 feet long and 10 feet wide blasts from you in a direction you choose for the duration. Each creature in the Line must succeed on a Strength saving throw or be pushed 15 feet away from you in a direction following the Line. A creature that ends its turn in the Line must make the same save.

Any creature in the Line must spend 2 feet of movement for every 1 foot it moves when moving closer to you.

The gust disperses gas or vapor, and it extinguishes candles and similar unprotected flames in the area. It causes protected flames, such as those of lanterns, to dance wildly and has a 50 percent chance to extinguish them.

As a Bonus Action on your later turns, you can change the direction in which the Line blasts from you.",""
"Harrowing Ballad","TCM'24","129","2nd","Bonus","Concentration, up to 1 minute","Enchantment","120 feet","V, S","Bard (PHB'24), Sorcerer (PHB'24), Wizard (PHB'24)","","","You inflict a mind-eroding song on a creature that you can see within range. If the creature has an Intelligence of 4 or higher, it must succeed on an Intelligence saving throw or have the Charmed condition for the duration.

While Charmed in this way, the target is struck with a rapidly repeating ballad that only it can hear; it takes 1d6 Psychic damage at the start of each of its turns, and it has Disadvantage on Wisdom (Perception) checks and on Constitution saving throws made to maintain its Concentration. The target repeats the save at the end of each of its turns, ending the spell on a success.","Using a Higher-Level Spell Slot. The damage increases by 1d6 for each spell slot level above 2."
"Haste","PHB'24","284","3rd","Action","Concentration, up to 1 minute","Transmutation","30 feet","V, S, M (a shaving of licorice root)","Artificer (EFA), Sorcerer (PHB'24), Wizard (PHB'24)","","Arcane Trickster (PHB'24) Rogue, Arcane Trickster (PHB'14) Rogue, Land (Grassland) (PHB'14) Druid, Symbiote (CBT) Druid, Lore (PHB'24) Bard, Eldritch Knight (PHB'24) Fighter, Eldritch Knight (PHB'14) Fighter, Feline Court (CBT) Warlock, Horizon Walker (XGE) Ranger, Horizon Walker (XGE) Ranger, Glory (PHB'24) Paladin, Glory (TCE) Paladin, Vengeance (PHB'24) Paladin, Vengeance (PHB'14) Paladin, Strength (PSA) (PSA) Cleric, Strength (PSA) (PSA) Cleric, Zeal (PSA) (PSA) Cleric, Zeal (PSA) (PSA) Cleric","Choose a willing creature that you can see within range. Until the spell ends, the target's Speed is doubled, it gains a +2 bonus to Armor Class, it has Advantage on Dexterity saving throws, and it gains an additional action on each of its turns. That action can be used to take only the Attack (one attack only), Dash, Disengage, Hide, or Utilize action.

When the spell ends, the target is Incapacitated and has a Speed of 0 until the end of its next turn, as a wave of lethargy washes over it.",""
"Hold Monster","PHB'24","285","5th","Action","Concentration, up to 1 minute","Enchantment","90 feet","V, S, M (a straight piece of iron)","Bard (PHB'24), Sorcerer (PHB'24), Warlock (PHB'24), Wizard (PHB'24)","","Wicker (TCM'24) Druid, Wicker (TCM'14) Druid, Wicker (TCM'14) Druid, Sea (PHB'24) Druid, Lunar (DSotDQ) Sorcerer, Lunar (DSotDQ) Sorcerer, Monster Slayer (XGE) Ranger, Monster Slayer (XGE) Ranger, Castigation (TCM'24) Paladin, Castigation (TCM'14) Paladin, Castigation (TCM'14) Paladin, Redemption (XGE) Paladin, Redemption (XGE) Paladin, Vengeance (PHB'14) Paladin, Vengeance (PHB'24) Paladin, Watchers (TCE) Paladin, Watchers (TCE) Paladin, War (PHB'14) Cleric, War (PHB'24) Cleric","Choose a creature that you can see within range. The target must succeed on a Wisdom saving throw or have the Paralyzed condition for the duration. At the end of each of its turns, the target repeats the save, ending the spell on itself on a success.","Using a Higher-Level Spell Slot. You can target one additional creature for each spell slot level above 5."
"Hold Person","PHB'24","286","2nd","Action","Concentration, up to 1 minute","Enchantment","60 feet","V, S, M (a straight piece of iron)","Bard (PHB'24), Cleric (PHB'24), Druid (PHB'24), Sorcerer (PHB'24), Warlock (PHB'24), Wizard (PHB'24)","","Arcane Trickster (PHB'24) Rogue, Arcane Trickster (PHB'14) Rogue, Land (Polar Land) (PHB'24) Druid, Land (Arctic) (PHB'14) Druid, Lore (PHB'24) Bard, Divine Soul (XGE) Sorcerer, Divine Soul (XGE) Sorcerer, Eldritch Knight (PHB'24) Fighter, Eldritch Knight (PHB'14) Fighter, Grim Harbinger (TCM'24) Ranger, Grim Harbinger (TCM'14) Ranger, Grim Harbinger (TCM'14) Ranger, Harvest (Reaping) (TCM'24) Cleric, Harvest (Reaping) (TCM'14) Cleric, Harvest (Reaping) (TCM'14) Cleric, Castigation (TCM'24) Paladin, Castigation (TCM'14) Paladin, Castigation (TCM'14) Paladin, Conquest (XGE) Paladin, Conquest (XGE) Paladin, Redemption (XGE) Paladin, Redemption (XGE) Paladin, Vengeance (PHB'24) Paladin, Vengeance (PHB'14) Paladin, Order (TCE) Cleric, Order (TCE) Cleric, Winter Walker (FRHoF) Ranger","Choose a Humanoid that you can see within range. The target must succeed on a Wisdom saving throw or have the Paralyzed condition for the duration. At the end of each of its turns, the target repeats the save, ending the spell on itself on a success.","Using a Higher-Level Spell Slot. You can target one additional Humanoid for each spell slot level above 2."
"Hypnotic Pattern","PHB'24","287","3rd","Action","Concentration, up to 1 minute","Illusion","120 feet","S, M (a pinch of confetti)","Bard (PHB'24), Sorcerer (PHB'24), Warlock (PHB'24), Wizard (PHB'24)","","Arcane Trickster (PHB'24) Rogue, Arcane Trickster (PHB'14) Rogue, Armorer (TCE) Artificer, Armorer (EFA) Artificer, Lore (PHB'24) Bard, Eldritch Knight (PHB'24) Fighter, Eldritch Knight (PHB'14) Fighter, Illusionist (PHB'24) Wizard, Redemption (XGE) Paladin, Redemption (XGE) Paladin, Trickery (PHB'24) Cleric","You create a twisting pattern of colors in a 30-foot Cube within range. The pattern appears for a moment and vanishes. Each creature in the area who can see the pattern must succeed on a Wisdom saving throw or have the Charmed condition for the duration. While Charmed, the creature has the Incapacitated condition and a Speed of 0.

The spell ends for an affected creature if it takes any damage or if someone else uses an action to shake the creature out of its stupor.",""
"Ice Knife","PHB'24","287","1st","Action","Instantaneous","Conjuration","60 feet","S, M (a drop of water or a piece of ice)","Druid (PHB'24), Sorcerer (PHB'24), Wizard (PHB'24)","","Arcane Trickster (PHB'24) Rogue, Arcane Trickster (PHB'14) Rogue, Lore (PHB'24) Bard, Eldritch Knight (PHB'24) Fighter, Eldritch Knight (PHB'14) Fighter, Winter Walker (FRHoF) Ranger","You create a shard of ice and fling it at one creature within range. Make a ranged spell attack against the target. On a hit, the target takes 1d10 Piercing damage. Hit or miss, the shard then explodes. The target and each creature within 5 feet of it must succeed on a Dexterity saving throw or take 2d6 Cold damage.","Using a Higher-Level Spell Slot. The Cold damage increases by 1d6 for each spell slot level above 1."
"Ice Storm","PHB'24","287","4th","Action","Instantaneous","Evocation","300 feet","V, S, M (a mitten)","Druid (PHB'24), Sorcerer (PHB'24), Wizard (PHB'24)","","Apocalypse (CBT) Cleric, Arcane Trickster (PHB'14) Rogue, Arcane Trickster (PHB'24) Rogue, Artillerist (TCE) Artificer, Artillerist (EFA) Artificer, Land (Arctic) (PHB'14) Druid, Land (Polar Land) (PHB'24) Druid, Sea (PHB'24) Druid, Eldritch Knight (PHB'14) Fighter, Eldritch Knight (PHB'24) Fighter, Evoker (PHB'24) Wizard, Ancients (PHB'14) Paladin, Ancients (PHB'24) Paladin, Tempest (PHB'14) Cleric, Tempest (PHB'14) Cleric, Winter Walker (FRHoF) Ranger","Hail falls in a 20-foot-radius, 40-foot-high Cylinder centered on a point within range. Each creature in the Cylinder makes a Dexterity saving throw. A creature takes 2d10 Bludgeoning damage and 4d6 Cold damage on a failed save or half as much damage on a successful one.

Hailstones turn ground in the Cylinder into Difficult Terrain until the end of your next turn.","Using a Higher-Level Spell Slot. The Bludgeoning damage increases by 1d10 for each spell slot level above 4."
"Immolation","XGE","158","5th","Action","Concentration, up to 1 minute","Evocation","90 feet","V","","Sorcerer (PHB'14), Sorcerer (PHB'24), Wizard (PHB'14), Wizard (PHB'24)","Evoker (PHB'24) Wizard","Flames wreathe one creature you can see within range. The target must make a Dexterity saving throw. It takes 8d6 fire damage on a failed save, or half as much damage on a successful one. On a failed save, the target also burns for the spell's duration. The burning target sheds bright light in a 30-foot radius and dim light for an additional 30 feet. At the end of each of its turns, the target repeats the saving throw. It takes 4d6 fire damage on a failed save, and the spell ends on a successful one. These magical flames can't be extinguished by nonmagical means.

If damage from this spell kills a target, the target is turned to ash.",""
"Incendiary Cloud","PHB'24","288","8th","Action","Concentration, up to 1 minute","Conjuration","150 feet","V, S","Druid (PHB'24), Sorcerer (PHB'24), Wizard (PHB'24)","","Arcana (SCAG) Cleric, Arcana (SCAG) Cleric","A swirling cloud of embers and smoke fills a 20-foot-radius Sphere centered on a point within range. The cloud's area is Heavily Obscured. It lasts for the duration or until a strong wind (like that created by Gust of Wind) disperses it.

When the cloud appears, each creature in it makes a Dexterity saving throw, taking 10d8 Fire damage on a failed save or half as much damage on a successful one. A creature must also make this save when the Sphere moves into its space and when it enters the Sphere or ends its turn there. A creature makes this save only once per turn.

The cloud moves 10 feet away from you in a direction you choose at the start of each of your turns.",""
"Infestation","XGE","158","Cantrip","Action","Instantaneous","Conjuration","30 feet","V, S, M (a living flea)","","Druid (PHB'14), Druid (PHB'24), Sorcerer (PHB'14), Sorcerer (PHB'24), Warlock (PHB'14), Warlock (PHB'24), Wizard (PHB'14), Wizard (PHB'24)","Arcana (SCAG) Cleric, Arcana (SCAG) Cleric, Arcane Trickster (PHB'24) Rogue, Arcane Trickster (PHB'14) Rogue, Land (PHB'14) Druid, Lore (PHB'24) Bard, Moon (FRHoF) Bard, Eldritch Knight (PHB'24) Fighter, Eldritch Knight (PHB'14) Fighter, Nature (PHB'14) Cleric, Nature (PHB'14) Cleric, Strength (PSA) (PSA) Cleric, Strength (PSA) (PSA) Cleric","You cause a cloud of mites, fleas, and other parasites to appear momentarily on one creature you can see within range. The target must succeed on a Constitution saving throw, or it takes 1d6 poison damage and moves 5 feet in a random direction if it can move and its speed is at least 5 feet. Roll a d4 for the direction: 1, north; 2, south; 3, east; or 4, west. This movement doesn't provoke opportunity attacks, and if the direction rolled is blocked, the target doesn't move.

The spell's damage increases by 1d6 when you reach 5th level (2d6), 11th level (3d6), and 17th level (4d6).",""
"Insect Plague","PHB'24","289","5th","Action","Concentration, up to 10 minutes","Conjuration","300 feet","V, S, M (a locust)","Cleric (PHB'24), Druid (PHB'24), Sorcerer (PHB'24)","","Apocalypse (CBT) Cleric, Land (Desert) (PHB'14) Druid, Land (Grassland) (PHB'14) Druid, Land (Swamp) (PHB'14) Druid, Land (Underdark) (PHB'14) Druid, Land (Tropical Land) (PHB'24) Druid, Divine Soul (XGE) Sorcerer, Divine Soul (XGE) Sorcerer, Fiend (PHB'24) Warlock, Nature (PHB'14) Cleric, Nature (PHB'14) Cleric, Swarmkeeper (TCE) Ranger, Swarmkeeper (TCE) Ranger, Tempest (PHB'14) Cleric, Tempest (PHB'14) Cleric, Strength (PSA) (PSA) Cleric, Strength (PSA) (PSA) Cleric","Swarming locusts fill a 20-foot-radius Sphere centered on a point you choose within range. The Sphere remains for the duration, and its area is Lightly Obscured and Difficult Terrain.

When the swarm appears, each creature in it makes a Constitution saving throw, taking 4d10 Piercing damage on a failed save or half as much damage on a successful one. A creature also makes this save when it enters the spell's area for the first time on a turn or ends its turn there. A creature makes this save only once per turn.","Using a Higher-Level Spell Slot. The damage increases by 1d10 for each spell slot level above 5."
"Intellect Fortress","TCE","107","3rd","Action","Concentration, up to 1 hour","Abjuration","30 feet","V","Artificer (TCE), Artificer (EFA)","Bard (PHB'14), Bard (PHB'24), Sorcerer (PHB'14), Sorcerer (PHB'24), Warlock (PHB'14), Warlock (PHB'24), Wizard (PHB'14), Wizard (PHB'24)","Abjurer (PHB'24) Wizard, Arcane Trickster (PHB'24) Rogue, Arcane Trickster (PHB'14) Rogue, Lore (PHB'24) Bard, Eldritch Knight (PHB'24) Fighter, Eldritch Knight (PHB'14) Fighter","For the duration, you or one willing creature you can see within range has resistance to psychic damage, as well as advantage on Intelligence, Wisdom, and Charisma saving throws.","At Higher Levels. When you cast this spell using a spell slot of 4th level or higher, you can target one additional creature for each slot level above 3rd. The creatures must be within 30 feet of each other when you target them."
"Intrusive Despair","TCM'24","129","4th","Action","Concentration, up to 1 minute","Enchantment","90 feet","V, S, M (a devil's trumpet blossom)","Bard (PHB'24), Sorcerer (PHB'24), Warlock (PHB'24), Wizard (PHB'24)","","Grim Harbinger (TCM'24) Ranger","You curse a creature within range, filling its mind with creeping paranoia and despair. When the target takes the Attack or Magic action, it must succeed on a Wisdom saving throw or waste its action. Once the target succeeds on three saving throws against this spell, the spell ends.",""
"Investiture of Flame","XGE","159","6th","Action","Concentration, up to 10 minutes","Transmutation","Self","V, S","","Druid (PHB'14), Druid (PHB'24), Sorcerer (PHB'14), Sorcerer (PHB'24), Warlock (PHB'14), Warlock (PHB'24), Wizard (PHB'14), Wizard (PHB'24)","Arcana (SCAG) Cleric, Arcana (SCAG) Cleric","Flames race across your body, shedding bright light in a 30-foot radius and dim light for an additional 30 feet for the spell's duration. The flames don't harm you. Until the spell ends, you gain the following benefits:

You are immune to fire damage and have resistance to cold damage.Any creature that moves within 5 feet of you for the first time on a turn or ends its turn there takes 1d10 fire damage.You can use your action to create a line of fire 15 feet long and 5 feet wide extending from you in a direction you choose. Each creature in the line must make a Dexterity saving throw. A creature takes 4d8 fire damage on a failed save, or half as much damage on a successful one.",""
"Investiture of Ice","XGE","159","6th","Action","Concentration, up to 10 minutes","Transmutation","Self","V, S","","Druid (PHB'14), Druid (PHB'24), Sorcerer (PHB'14), Sorcerer (PHB'24), Warlock (PHB'14), Warlock (PHB'24), Wizard (PHB'14), Wizard (PHB'24)","Arcana (SCAG) Cleric, Arcana (SCAG) Cleric","Until the spell ends, ice rimes your body, and you gain the following benefits:

You are immune to cold damage and have resistance to fire damage.You can move across difficult terrain created by ice or snow without spending extra movement.The ground in a 10-foot radius around you is icy and is difficult terrain for creatures other than you. The radius moves with you.You can use your action to create a 15-foot cone of freezing wind extending from your outstretched hand in a direction you choose. Each creature in the cone must make a Constitution saving throw. A creature takes 4d6 cold damage on a failed save, or half as much damage on a successful one. A creature that fails its save against this effect has its speed halved until the start of your next turn.",""
"Investiture of Stone","XGE","159","6th","Action","Concentration, up to 10 minutes","Transmutation","Self","V, S","","Druid (PHB'14), Druid (PHB'24), Sorcerer (PHB'14), Sorcerer (PHB'24), Warlock (PHB'14), Warlock (PHB'24), Wizard (PHB'14), Wizard (PHB'24)","Arcana (SCAG) Cleric, Arcana (SCAG) Cleric","Until the spell ends, bits of rock spread across your body, and you gain the following benefits:

You have resistance to bludgeoning, piercing, and slashing damage from nonmagical attacks.You can use your action to create a small earthquake on the ground in a 15-foot radius centered on you. Other creatures on that ground must succeed on a Dexterity saving throw or be knocked prone.You can move across difficult terrain made of earth or stone without spending extra movement. You can move through solid earth or stone as if it was air and without destabilizing it, but you can't end your movement there. If you do so, you are ejected to the nearest unoccupied space, this spell ends, and you are stunned until the end of your next turn.",""
"Investiture of Wind","XGE","160","6th","Action","Concentration, up to 10 minutes","Transmutation","Self","V, S","","Druid (PHB'14), Druid (PHB'24), Sorcerer (PHB'14), Sorcerer (PHB'24), Warlock (PHB'14), Warlock (PHB'24), Wizard (PHB'14), Wizard (PHB'24)","Arcana (SCAG) Cleric, Arcana (SCAG) Cleric","Until the spell ends, wind whirls around you, and you gain the following benefits:

Ranged weapon attacks made against you have disadvantage on the attack roll.You gain a flying speed of 60 feet. If you are still flying when the spell ends, you fall, unless you can somehow prevent it.You can use your action to create a 15-foot cube of swirling wind centered on a point you can see within 60 feet of you. Each creature in that area must make a Constitution saving throw. A creature takes 2d10 bludgeoning damage on a failed save, or half as much damage on a successful one. If a Large or smaller creature fails the save, that creature is also pushed up to 10 feet away from the center of the cube.",""
"Invisibility","PHB'24","289","2nd","Action","Concentration, up to 1 hour","Illusion","Touch","V, S, M (an eyelash in gum arabic)","Artificer (EFA), Bard (PHB'24), Sorcerer (PHB'24), Warlock (PHB'24), Wizard (PHB'24)","","Arcane Trickster (PHB'24) Rogue, Arcane Trickster (PHB'14) Rogue, Land (Grassland) (PHB'14) Druid, Lore (PHB'24) Bard, Eldritch Knight (PHB'24) Fighter, Eldritch Knight (PHB'14) Fighter, Illusionist (PHB'24) Wizard, Trickery (PHB'24) Cleric","A creature you touch has the Invisible condition until the spell ends. The spell ends early immediately after the target makes an attack roll, deals damage, or casts a spell.","Using a Higher-Level Spell Slot. You can target one additional creature for each spell slot level above 2."
"Jump","PHB'24","290","1st","Bonus","1 minute","Transmutation","Touch","V, S, M (a grasshopper's hind leg)","Artificer (EFA), Druid (PHB'24), Ranger (PHB'24), Sorcerer (PHB'24), Wizard (PHB'24)","","Arcane Trickster (PHB'24) Rogue, Arcane Trickster (PHB'14) Rogue, Lore (PHB'24) Bard, Eldritch Knight (PHB'24) Fighter, Eldritch Knight (PHB'14) Fighter","You touch a willing creature. Once on each of its turns until the spell ends, that creature can jump up to 30 feet by spending 10 feet of movement.","Using a Higher-Level Spell Slot. You can target one additional creature for each spell slot level above 1."
"Kinetic Jaunt","SCC","37","2nd","Bonus","Concentration, up to 1 minute","Transmutation","Self","S","Artificer (TCE), Artificer (EFA), Bard (PHB'14), Bard (PHB'24), Sorcerer (PHB'14), Sorcerer (PHB'24), Wizard (PHB'14), Wizard (PHB'24)","","Arcane Trickster (PHB'24) Rogue, Arcane Trickster (PHB'14) Rogue, Lore (PHB'24) Bard, Eldritch Knight (PHB'24) Fighter, Eldritch Knight (PHB'14) Fighter","You magically empower your movement with dance-like steps, giving yourself the following benefits for the duration.

Your walking speed increases by 10 feet.You don't provoke opportunity attacks.You can move through the space of another creature, and it doesn't count as difficult terrain. If you end your turn in another creature's space, you are shunted to the last unoccupied space you occupied, and you take 1d8 force damage.",""
"Knock","PHB'24","290","2nd","Action","Instantaneous","Transmutation","60 feet","V","Bard (PHB'24), Sorcerer (PHB'24), Wizard (PHB'24)","","Arcane Trickster (PHB'24) Rogue, Arcane Trickster (PHB'14) Rogue, Lore (PHB'24) Bard, Eldritch Knight (PHB'24) Fighter, Eldritch Knight (PHB'14) Fighter","Choose an object that you can see within range. The object can be a door, a box, a chest, a set of manacles, a padlock, or another object that contains a mundane or magical means that prevents access.

A target that is held shut by a mundane lock or that is stuck or barred becomes unlocked, unstuck, or unbarred. If the object has multiple locks, only one of them is unlocked.

If the target is held shut by Arcane Lock, that spell is suppressed for 10 minutes, during which time the target can be opened and closed.

When you cast the spell, a loud knock, audible up to 300 feet away, emanates from the target.",""
"Laeral's Silver Lance","FRHoF","145","3rd","Action","Instantaneous","Evocation","Self","V, S, M (a silver pin worth 250+ GP)","Cleric (PHB'24), Sorcerer (PHB'24), Wizard (PHB'24)","","Arcane Trickster (PHB'24) Rogue, Arcane Trickster (PHB'14) Rogue, Lore (PHB'24) Bard, Divine Soul (XGE) Sorcerer, Divine Soul (XGE) Sorcerer, Eldritch Knight (PHB'24) Fighter, Eldritch Knight (PHB'14) Fighter, Evoker (PHB'24) Wizard","Silver energy bursts out from you in a 120-foot-long, 5-foot-wide Line. Each creature of your choice in the Line makes a Strength saving throw. On a failed save, a creature takes 3d10 Force damage and has the Prone condition. On a successful save, a creature takes half as much damage only.","Using a Higher-Level Spell Slot. The damage increases by 1d10 for every spell slot level above 3."
"Levitate","PHB'24","291","2nd","Action","Concentration, up to 10 minutes","Transmutation","60 feet","V, S, M (a metal spring)","Artificer (EFA), Sorcerer (PHB'24), Wizard (PHB'24)","","Arcane Trickster (PHB'24) Rogue, Arcane Trickster (PHB'14) Rogue, Lore (PHB'24) Bard, Eldritch Knight (PHB'24) Fighter, Eldritch Knight (PHB'14) Fighter","One creature or loose object of your choice that you can see within range rises vertically up to 20 feet and remains suspended there for the duration. The spell can levitate an object that weighs up to 500 pounds. An unwilling creature that succeeds on a Constitution saving throw is unaffected.

The target can move only by pushing or pulling against a fixed object or surface within reach (such as a wall or a ceiling), which allows it to move as if it were climbing. You can change the target's altitude by up to 20 feet in either direction on your turn. If you are the target, you can move up or down as part of your move. Otherwise, you can take a Magic action to move the target, which must remain within the spell's range.

When the spell ends, the target floats gently to the ground if it is still aloft.",""
"Light","PHB'24","292","Cantrip","Action","1 hour","Evocation","Touch","V, M (a firefly or phosphorescent moss)","Artificer (EFA), Bard (PHB'24), Cleric (PHB'24), Sorcerer (PHB'24), Wizard (PHB'24)","","Arcana (SCAG) Cleric, Arcana (SCAG) Cleric, Arcane Trickster (PHB'24) Rogue, Arcane Trickster (PHB'14) Rogue, Celestial (PHB'24) Warlock, Lore (PHB'24) Bard, Divine Soul (XGE) Sorcerer, Divine Soul (XGE) Sorcerer, Eldritch Knight (PHB'24) Fighter, Eldritch Knight (PHB'14) Fighter, Evoker (PHB'24) Wizard, Light (PHB'14) Cleric, Celestial (XGE) Warlock","You touch one Large or smaller object that isn't being worn or carried by someone else. Until the spell ends, the object sheds Bright Light in a 20-foot radius and Dim Light for an additional 20 feet. The light can be colored as you like.

Covering the object with something opaque blocks the light. The spell ends if you cast it again.",""
"Lightning Bolt","PHB'24","292","3rd","Action","Instantaneous","Evocation","Self","V, S, M (a bit of fur and a crystal rod)","Sorcerer (PHB'24), Wizard (PHB'24)","","Arcane Trickster (PHB'24) Rogue, Arcane Trickster (PHB'14) Rogue, Armorer (TCE) Artificer, Armorer (EFA) Artificer, Land (Temperate Land) (PHB'24) Druid, Land (Mountain) (PHB'14) Druid, Sea (PHB'24) Druid, Lore (PHB'24) Bard, Eldritch Knight (PHB'24) Fighter, Eldritch Knight (PHB'14) Fighter, Evoker (PHB'24) Wizard, Reanimator (RHW) Artificer, Fathomless (TCE) Warlock, Fathomless (TCE) Warlock","A stroke of lightning forming a 100-foot-long, 5-foot-wide Line blasts out from you in a direction you choose. Each creature in the Line makes a Dexterity saving throw, taking 8d6 Lightning damage on a failed save or half as much damage on a successful one.","Using a Higher-Level Spell Slot. The damage increases by 1d6 for each spell slot level above 3."
"Lightning Lure","TCE","107","Cantrip","Action","Instantaneous","Evocation","Self","V","Artificer (TCE), Artificer (EFA), Sorcerer (PHB'14), Sorcerer (PHB'24), Warlock (PHB'14), Warlock (PHB'24), Wizard (PHB'14), Wizard (PHB'24)","Sorcerer (PHB'14), Sorcerer (PHB'24), Warlock (PHB'14), Warlock (PHB'24), Wizard (PHB'14), Wizard (PHB'24)","Arcana (SCAG) Cleric, Arcana (SCAG) Cleric, Arcane Trickster (PHB'24) Rogue, Arcane Trickster (PHB'14) Rogue, Lore (PHB'24) Bard, Eldritch Knight (PHB'24) Fighter, Eldritch Knight (PHB'14) Fighter, Evoker (PHB'24) Wizard","You create a lash of lightning energy that strikes at one creature of your choice that you can see within 15 feet of you. The target must succeed on a Strength saving throw or be pulled up to 10 feet in a straight line toward you and then take 1d8 lightning damage if it is within 5 feet of you.

This spell's damage increases by 1d8 when you reach 5th level (2d8), 11th level (3d8), and 17th level (4d8).",""
"Mage Armor","PHB'24","293","1st","Action","8 hours","Abjuration","Touch","V, S, M (a piece of cured leather)","Sorcerer (PHB'24), Wizard (PHB'24)","","Abjurer (PHB'24) Wizard, Arcane Trickster (PHB'24) Rogue, Arcane Trickster (PHB'14) Rogue, Lore (PHB'24) Bard, Eldritch Knight (PHB'24) Fighter, Eldritch Knight (PHB'14) Fighter","You touch a willing creature who isn't wearing armor. Until the spell ends, the target's base AC becomes 13 plus its Dexterity modifier. The spell ends early if the target dons armor.",""
"Mage Hand","PHB'24","293","Cantrip","Action","1 minute","Conjuration","30 feet","V, S","Artificer (EFA), Bard (PHB'24), Sorcerer (PHB'24), Warlock (PHB'24), Wizard (PHB'24)","","Arcana (SCAG) Cleric, Arcana (SCAG) Cleric, Arcane Trickster (PHB'24) Rogue, Arcane Trickster (PHB'14) Rogue, Lore (PHB'24) Bard, Eldritch Knight (PHB'24) Fighter, Eldritch Knight (PHB'14) Fighter, Sinner (TCM'24) Rogue, Sinner (TCM'14) Rogue, Sinner (TCM'14) Rogue, Swarmkeeper (TCE) Ranger, Swarmkeeper (TCE) Ranger","A spectral, floating hand appears at a point you choose within range. The hand lasts for the duration. The hand vanishes if it is ever more than 30 feet away from you or if you cast this spell again.

When you cast the spell, you can use the hand to manipulate an object, open an unlocked door or container, stow or retrieve an item from an open container, or pour the contents out of a vial.

As a Magic action on your later turns, you can control the hand thus again. As part of that action, you can move the hand up to 30 feet.

The hand can't attack, activate magic items, or carry more than 10 pounds.",""
"Magic Missile","PHB'24","295","1st","Action","Instantaneous","Evocation","120 feet","V, S","Sorcerer (PHB'24), Wizard (PHB'24)","","Arcana (SCAG) Cleric, Arcana (SCAG) Cleric, Arcane Trickster (PHB'24) Rogue, Arcane Trickster (PHB'14) Rogue, Armorer (TCE) Artificer, Armorer (EFA) Artificer, Lore (PHB'24) Bard, Eldritch Knight (PHB'24) Fighter, Eldritch Knight (PHB'14) Fighter, Evoker (PHB'24) Wizard","You create three glowing darts of magical force. Each dart strikes a creature of your choice that you can see within range. A dart deals 1d4 + 1 Force damage to its target. The darts all strike simultaneously, and you can direct them to hit one creature or several.","Using a Higher-Level Spell Slot. The spell creates one more dart for each spell slot level above 1."
"Magic Weapon","PHB'24","295","2nd","Bonus","1 hour","Transmutation","Touch","V, S","Artificer (EFA), Paladin (PHB'24), Ranger (PHB'24), Sorcerer (PHB'24), Wizard (PHB'24)","","Arcana (SCAG) Cleric, Arcana (SCAG) Cleric, Arcane Trickster (PHB'24) Rogue, Arcane Trickster (PHB'14) Rogue, Lore (PHB'24) Bard, Eldritch Knight (PHB'24) Fighter, Eldritch Knight (PHB'14) Fighter, Forge (XGE) Cleric, Forge (XGE) Cleric, Glory (PHB'24) Paladin, Glory (TCE) Paladin, War (PHB'24) Cleric, War (PHB'14) Cleric, Zeal (PSA) (PSA) Cleric, Zeal (PSA) (PSA) Cleric","You touch a nonmagical weapon. Until the spell ends, that weapon becomes a magic weapon with a +1 bonus to attack rolls and damage rolls. The spell ends early if you cast it again.","Using a Higher-Level Spell Slot. The bonus increases to +2 with a level 3-5 spell slot. The bonus increases to +3 with a level 6+ spell slot."
"Major Image","PHB'24","295","3rd","Action","Concentration, up to 10 minutes","Illusion","120 feet","V, S, M (a bit of fleece)","Bard (PHB'24), Sorcerer (PHB'24), Warlock (PHB'24), Wizard (PHB'24)","","Arcane Trickster (PHB'24) Rogue, Arcane Trickster (PHB'14) Rogue, Lore (PHB'24) Bard, Eldritch Knight (PHB'24) Fighter, Eldritch Knight (PHB'14) Fighter, Illusionist (PHB'24) Wizard","You create the image of an object, a creature, or some other visible phenomenon that is no larger than a 20-foot Cube. The image appears at a spot that you can see within range and lasts for the duration. It seems real, including sounds, smells, and temperature appropriate to the thing depicted, but it can't deal damage or cause conditions.

If you are within range of the illusion, you can take a Magic action to cause the image to move to any other spot within range. As the image changes location, you can alter its appearance so that its movements appear natural for the image. For example, if you create an image of a creature and move it, you can alter the image so that it appears to be walking. Similarly, you can cause the illusion to make different sounds at different times, even making it carry on a conversation, for example.

Physical interaction with the image reveals it to be an illusion, for things can pass through it. A creature that takes a Study action to examine the image can determine that it is an illusion with a successful Intelligence (Investigation) check against your spell save DC. If a creature discerns the illusion for what it is, the creature can see through the image, and its other sensory qualities become faint to the creature.","Using a Higher-Level Spell Slot. The spell lasts until dispelled, without requiring Concentration, if cast with a level 4+ spell slot."
"Mass Polymorph","XGE","160","9th","Action","Concentration, up to 1 hour","Transmutation","120 feet","V, S, M (a caterpillar cocoon)","","Bard (PHB'14), Bard (PHB'24), Sorcerer (PHB'14), Sorcerer (PHB'24), Wizard (PHB'14), Wizard (PHB'24)","Arcana (SCAG) Cleric, Arcana (SCAG) Cleric","You transform up to ten creatures of your choice that you can see within range. An unwilling target must succeed on a Wisdom saving throw to resist the transformation. An unwilling shapechanger automatically succeeds on the save.

Each target assumes a beast form of your choice, and you can choose the same form or different ones for each target. The new form can be any beast you have seen whose challenge rating is equal to or less than the target's (or half the target's level, if the target doesn't have a challenge rating). The target's game statistics, including mental ability scores, are replaced by the statistics of the chosen beast, but the target retains its hit points, alignment, and personality.

Each target gains a number of temporary hit points equal to the hit points of its new form. These temporary hit points can't be replaced by temporary hit points from another source. A target reverts to its normal form when it has no more temporary hit points or it dies. If the spell ends before then, the creature loses all its temporary hit points and reverts to its normal form.

The creature is limited in the actions it can perform by the nature of its new form. It can't speak, cast spells, or do anything else that requires hands or speech.

The target's gear melds into the new form. The target can't activate, use, wield, or otherwise benefit from any of its equipment.",""
"Mass Suggestion","PHB'24","296","6th","Action","24 hours","Enchantment","60 feet","V, M (a snake's tongue)","Bard (PHB'24), Sorcerer (PHB'24), Wizard (PHB'24)","","Arcana (SCAG) Cleric, Arcana (SCAG) Cleric","You suggest a course of activity—described in no more than 25 words—to twelve or fewer creatures you can see within range that can hear and understand you. The suggestion must sound achievable and not involve anything that would obviously deal damage to any of the targets or their allies. For example, you could say, ""Walk to the village down that road, and help the villagers there harvest crops until sunset."" Or you could say, ""Now is not the time for violence. Drop your weapons, and dance! Stop in an hour.""

Each target must succeed on a Wisdom saving throw or have the Charmed condition for the duration or until you or your allies deal damage to the target. Each Charmed target pursues the suggestion to the best of its ability. The suggested activity can continue for the entire duration, but if the suggested activity can be completed in a shorter time, the spell ends for a target upon completing it.","Using a Higher-Level Spell Slot. The duration is longer with a spell slot of level 7 (10 days), 8 (30 days), or 9 (366 days)."
"Maximilian's Earthen Grasp","XGE","161","2nd","Action","Concentration, up to 1 minute","Transmutation","30 feet","V, S, M (a miniature hand sculpted from clay)","","Sorcerer (PHB'14), Sorcerer (PHB'24), Wizard (PHB'14), Wizard (PHB'24)","Arcane Trickster (PHB'24) Rogue, Arcane Trickster (PHB'14) Rogue, Lore (PHB'24) Bard, Eldritch Knight (PHB'24) Fighter, Eldritch Knight (PHB'14) Fighter","You choose a 5-foot-square unoccupied space on the ground that you can see within range. A Medium hand made from compacted soil rises there and reaches for one creature you can see within 5 feet of it. The target must make a Strength saving throw. On a failed save, the target takes 2d6 bludgeoning damage and is restrained for the spell's duration.

As an action, you can cause the hand to crush the restrained target, which must make a Strength saving throw. The target takes 2d6 bludgeoning damage on a failed save, or half as much damage on a successful one.

To break out, the restrained target can use its action to make a Strength check against your spell save DC. On a success, the target escapes and is no longer restrained by the hand.

As an action, you can cause the hand to reach for a different creature or to move to a different unoccupied space within range. The hand releases a restrained target if you do either.",""
"Melf's Minute Meteors","XGE","161","3rd","Action","Concentration, up to 10 minutes","Evocation","Self","V, S, M (niter, sulfur, and pine tar formed into a bead)","","Sorcerer (PHB'14), Sorcerer (PHB'24), Wizard (PHB'14), Wizard (PHB'24)","Arcane Trickster (PHB'24) Rogue, Arcane Trickster (PHB'14) Rogue, Lore (PHB'24) Bard, Eldritch Knight (PHB'24) Fighter, Eldritch Knight (PHB'14) Fighter, Evoker (PHB'24) Wizard","You create six tiny meteors in your space. They float in the air and orbit you for the spell's duration. When you cast the spell—and as a bonus action on each of your turns thereafter—you can expend one or two of the meteors, sending them streaking toward a point or points you choose within 120 feet of you. Once a meteor reaches its destination or impacts against a solid surface, the meteor explodes. Each creature within 5 feet of the point where the meteor explodes must make a Dexterity saving throw. A creature takes 2d6 fire damage on a failed save, or half as much damage on a successful one.","At Higher Levels. When you cast this spell using a spell slot of 4th level or higher, the number of meteors created increases by two for each slot level above 3rd."
"Mending","PHB'24","297","Cantrip","1 Min.","Instantaneous","Transmutation","Touch","V, S, M (two lodestones)","Bard (PHB'24), Cleric (PHB'24), Druid (PHB'24), Sorcerer (PHB'24), Wizard (PHB'24)","","Arcana (SCAG) Cleric, Arcana (SCAG) Cleric, Arcane Trickster (PHB'24) Rogue, Arcane Trickster (PHB'14) Rogue, Land (PHB'14) Druid, Lore (PHB'24) Bard, Moon (FRHoF) Bard, Divine Soul (XGE) Sorcerer, Divine Soul (XGE) Sorcerer, Eldritch Knight (PHB'24) Fighter, Eldritch Knight (PHB'14) Fighter, Nature (PHB'14) Cleric, Nature (PHB'14) Cleric, Strength (PSA) (PSA) Cleric, Strength (PSA) (PSA) Cleric","This spell repairs a single break or tear in an object you touch, such as a broken chain link, two halves of a broken key, a torn cloak, or a leaking wineskin. As long as the break or tear is no larger than 1 foot in any dimension, you mend it, leaving no trace of the former damage.

This spell can physically repair a magic item, but it can't restore magic to such an object.",""
"Mental Prison","XGE","161","6th","Action","Concentration, up to 1 minute","Illusion","60 feet","S","","Sorcerer (PHB'14), Sorcerer (PHB'24), Warlock (PHB'14), Warlock (PHB'24), Wizard (PHB'14), Wizard (PHB'24)","Arcana (SCAG) Cleric, Arcana (SCAG) Cleric, Illusionist (PHB'24) Wizard","You attempt to bind a creature within an illusory cell that only it perceives. One creature you can see within range must make an Intelligence saving throw. The target succeeds automatically if it is immune to being charmed. On a successful save, the target takes 5d10 psychic damage, and the spell ends. On a failed save, the target takes 5d10 psychic damage, and you make the area immediately around the target's space appear dangerous to it in some way. You might cause the target to perceive itself as being surrounded by fire, floating razors, or hideous maws filled with dripping teeth. Whatever form the illusion takes, the target can't see or hear anything beyond it and is restrained for the spell's duration. If the target is moved out of the illusion, makes a melee attack through it, or reaches any part of its body through it, the target takes 10d10 psychic damage, and the spell ends.",""
"Message","PHB'24","298","Cantrip","Action","1 round","Transmutation","120 feet","S, M (a copper wire)","Artificer (EFA), Bard (PHB'24), Druid (PHB'24), Sorcerer (PHB'24), Wizard (PHB'24)","","Arcana (SCAG) Cleric, Arcana (SCAG) Cleric, Arcane Trickster (PHB'24) Rogue, Arcane Trickster (PHB'14) Rogue, Land (PHB'14) Druid, Lore (PHB'24) Bard, Moon (FRHoF) Bard, Eldritch Knight (PHB'24) Fighter, Eldritch Knight (PHB'14) Fighter, Nature (PHB'14) Cleric, Nature (PHB'14) Cleric, Strength (PSA) (PSA) Cleric, Strength (PSA) (PSA) Cleric","You point toward a creature within range and whisper a message. The target (and only the target) hears the message and can reply in a whisper that only you can hear.

You can cast this spell through solid objects if you are familiar with the target and know it is beyond the barrier. Magical silence; 1 foot of stone, metal, or wood; or a thin sheet of lead blocks the spell.",""
"Meteor Swarm","PHB'24","298","9th","Action","Instantaneous","Evocation","1 mile","V, S","Sorcerer (PHB'24), Wizard (PHB'24)","","Arcana (SCAG) Cleric, Arcana (SCAG) Cleric, Evoker (PHB'24) Wizard","Blazing orbs of fire plummet to the ground at four different points you can see within range. Each creature in a 40-foot-radius Sphere centered on each of those points makes a Dexterity saving throw. A creature takes 20d6 Fire damage and 20d6 Bludgeoning damage on a failed save or half as much damage on a successful one. A creature in the area of more than one fiery Sphere is affected only once.

A nonmagical object that isn't being worn or carried also takes the damage if it's in the spell's area, and the object starts burning if it's flammable.",""
"Mind Sliver","PHB'24","298","Cantrip","Action","Instantaneous","Enchantment","60 feet","V","Sorcerer (PHB'24), Warlock (PHB'24), Wizard (PHB'24)","","Aberrant Mind (TCE) Sorcerer, Aberrant (PHB'24) Sorcerer, Arcana (SCAG) Cleric, Arcana (SCAG) Cleric, Arcane Trickster (PHB'24) Rogue, Arcane Trickster (PHB'14) Rogue, Lore (PHB'24) Bard, Eldritch Knight (PHB'24) Fighter, Eldritch Knight (PHB'14) Fighter","You try to temporarily sliver the mind of one creature you can see within range. The target must succeed on an Intelligence saving throw or take 1d6 Psychic damage and subtract 1d4 from the next saving throw it makes before the end of your next turn.","Cantrip Upgrade. The damage increases by 1d6 when you reach levels 5 (2d6), 11 (3d6), and 17 (4d6)."
"Mind Spike","PHB'24","298","2nd","Action","Concentration, up to 1 hour","Divination","120 feet","S","Sorcerer (PHB'24), Warlock (PHB'24), Wizard (PHB'24)","","Arcane Trickster (PHB'24) Rogue, Arcane Trickster (PHB'14) Rogue, Cartographer (EFA) Artificer, Lore (PHB'24) Bard, Diviner (PHB'24) Wizard, Eldritch Knight (PHB'24) Fighter, Eldritch Knight (PHB'14) Fighter, Knowledge (FRHoF) Cleric","You drive a spike of psionic energy into the mind of one creature you can see within range. The target makes a Wisdom saving throw, taking 3d8 Psychic damage on a failed save or half as much damage on a successful one. On a failed save, you also always know the target's location until the spell ends, but only while the two of you are on the same plane of existence. While you have this knowledge, the target can't become hidden from you, and if it has the Invisible condition, it gains no benefit from that condition against you.","Using a Higher-Level Spell Slot. The damage increases by 1d8 for each spell slot level above 2."
"Minor Illusion","PHB'24","298","Cantrip","Action","1 minute","Illusion","30 feet","S, M (a bit of fleece)","Bard (PHB'24), Sorcerer (PHB'24), Warlock (PHB'24), Wizard (PHB'24)","","Arcana (SCAG) Cleric, Arcana (SCAG) Cleric, Arcane Trickster (PHB'24) Rogue, Arcane Trickster (PHB'14) Rogue, Lore (PHB'24) Bard, Eldritch Knight (PHB'24) Fighter, Eldritch Knight (PHB'14) Fighter, Illusionist (PHB'24) Wizard, Illusion (PHB'14) Wizard, Scion of the Three (FRHoF) Rogue, Sinner (TCM'24) Rogue, Sinner (TCM'14) Rogue, Sinner (TCM'14) Rogue, Shadow (PHB'24) Monk, Shadow (PHB'14) Monk","You create a sound or an image of an object within range that lasts for the duration. See the descriptions below for the effects of each. The illusion ends if you cast this spell again.

If a creature takes a Study action to examine the sound or image, the creature can determine that it is an illusion with a successful Intelligence (Investigation) check against your spell save DC. If a creature discerns the illusion for what it is, the illusion becomes faint to the creature.

Sound. If you create a sound, its volume can range from a whisper to a scream. It can be your voice, someone else's voice, a lion's roar, a beating of drums, or any other sound you choose. The sound continues unabated throughout the duration, or you can make discrete sounds at different times before the spell ends.

Image. If you create an image of an object—such as a chair, muddy footprints, or a small chest—it must be no larger than a 5-foot Cube. The image can't create sound, light, smell, or any other sensory effect. Physical interaction with the image reveals it to be an illusion, since things can pass through it.",""
"Mirror Image","PHB'24","299","2nd","Action","1 minute","Illusion","Self","V, S","Bard (PHB'24), Sorcerer (PHB'24), Warlock (PHB'24), Wizard (PHB'24)","","Arcane Trickster (PHB'24) Rogue, Arcane Trickster (PHB'14) Rogue, Armorer (TCE) Artificer, Armorer (EFA) Artificer, Land (Coast) (PHB'14) Druid, Glamour (PHB'24) Bard, Lore (PHB'24) Bard, Eldritch Knight (PHB'24) Fighter, Eldritch Knight (PHB'14) Fighter, Illusionist (PHB'24) Wizard, Noble Genies (FRHoF) Paladin, Trickery (PHB'14) Cleric, Ambition (PSA) (PSA) Cleric, Ambition (PSA) (PSA) Cleric","Three illusory duplicates of yourself appear in your space. Until the spell ends, the duplicates move with you and mimic your actions, shifting position so it's impossible to track which image is real.

Each time a creature hits you with an attack roll during the spell's duration, roll a d6 for each of your remaining duplicates. If any of the d6s rolls a 3 or higher, one of the duplicates is hit instead of you, and the duplicate is destroyed. The duplicates otherwise ignore all other damage and effects. The spell ends when all three duplicates are destroyed.

A creature is unaffected by this spell if it has the Blinded condition, Blindsight, or Truesight.",""
"Mirrored Agony","TCM'24","130","5th","Reaction","Instantaneous","Abjuration","60 feet","V, S, M (a pin or needle)","Bard (PHB'24), Sorcerer (PHB'24), Wizard (PHB'24)","","","The triggering creature makes a Wisdom saving throw. On a failed save, it takes an amount of Psychic damage equal to the damage it dealt to your ally. On a successful save, it takes half as much damage.",""
"Mist of Mourning","TCM'24","130","3rd","Action","Concentration, up to 10 minutes","Enchantment","60 feet","V, S, M (a vial of tears)","Sorcerer (PHB'24), Warlock (PHB'24), Wizard (PHB'24)","","","You summon a thin mist that saps joy and vigor in a 20-foot-radius Sphere centered on a point within range. Each creature in the mist when it appears, or when it moves into the mist for the first time on a turn or ends its turn there, must succeed on a Charisma saving throw or be filled with deep melancholy until the end of its next turn. An affected creature's Speed is halved, it has Disadvantage on attack rolls, and it subtracts 1d8 from all its damage rolls.",""
"Misty Step","PHB'24","299","2nd","Bonus","Instantaneous","Conjuration","Self","V","Sorcerer (PHB'24), Warlock (PHB'24), Wizard (PHB'24)","","Arcane Trickster (PHB'24) Rogue, Arcane Trickster (PHB'14) Rogue, Archfey (PHB'24) Warlock, Land (Temperate Land) (PHB'24) Druid, Land (Coast) (PHB'14) Druid, Lore (PHB'24) Bard, Eldritch Knight (PHB'24) Fighter, Eldritch Knight (PHB'14) Fighter, Feline Court (CBT) Warlock, Fey Wanderer (PHB'24) Ranger, Fey Wanderer (TCE) Ranger, Horizon Walker (XGE) Ranger, Horizon Walker (XGE) Ranger, Vengeance (PHB'24) Paladin, Vengeance (PHB'14) Paladin, Ancients (PHB'24) Paladin, Ancients (PHB'14) Paladin","Briefly surrounded by silvery mist, you teleport up to 30 feet to an unoccupied space you can see.",""
"Mold Earth","XGE","162","Cantrip","Action","Instantaneous or 1 hour (see below)","Transmutation","30 feet","S","","Druid (PHB'14), Druid (PHB'24), Sorcerer (PHB'14), Sorcerer (PHB'24), Wizard (PHB'14), Wizard (PHB'24)","Arcana (SCAG) Cleric, Arcana (SCAG) Cleric, Arcane Trickster (PHB'24) Rogue, Arcane Trickster (PHB'14) Rogue, Land (PHB'14) Druid, Lore (PHB'24) Bard, Moon (FRHoF) Bard, Eldritch Knight (PHB'24) Fighter, Eldritch Knight (PHB'14) Fighter, Nature (PHB'14) Cleric, Nature (PHB'14) Cleric, Strength (PSA) (PSA) Cleric, Strength (PSA) (PSA) Cleric","You choose a portion of dirt or stone that you can see within range and that fits within a 5-foot cube. You manipulate it in one of the following ways:

If you target an area of loose earth, you can instantaneously excavate it, move it along the ground, and deposit it up to 5 feet away. This movement doesn't involve enough force to cause damage.You cause shapes, colors, or both to appear on the dirt or stone, spelling out words, creating images, or shaping patterns. The changes last for 1 hour.If the dirt or stone you target is on the ground, you cause it to become difficult terrain. Alternatively, you can cause the ground to become normal terrain if it is already difficult terrain. This change lasts for 1 hour.If you cast this spell multiple times, you can have no more than two of its non-instantaneous effects active at a time, and you can dismiss such an effect as an action.",""
"Move Earth","PHB'24","302","6th","Action","Concentration, up to 2 hours","Transmutation","120 feet","V, S, M (a miniature shovel)","Druid (PHB'24), Sorcerer (PHB'24), Wizard (PHB'24)","","Arcana (SCAG) Cleric, Arcana (SCAG) Cleric","Choose an area of terrain no larger than 40 feet on a side within range. You can reshape dirt, sand, or clay in the area in any manner you choose for the duration. You can raise or lower the area's elevation, create or fill in a trench, erect or flatten a wall, or form a pillar. The extent of any such changes can't exceed half the area's largest dimension. For example, if you affect a 40-foot square, you can create a pillar up to 20 feet high, raise or lower the square's elevation by up to 20 feet, dig a trench up to 20 feet deep, and so on. It takes 10 minutes for these changes to complete. Because the terrain's transformation occurs slowly, creatures in the area can't usually be trapped or injured by the ground's movement.

At the end of every 10 minutes you spend Concentrating on the spell, you can choose a new area of terrain to affect within range.

This spell can't manipulate natural stone or stone construction. Rocks and structures shift to accommodate the new terrain. If the way you shape the terrain would make a structure unstable, it might collapse.

Similarly, this spell doesn't directly affect plant growth. The moved earth carries any plants along with it.",""
"Murder of Crows","TCM'24","131","4th","Action","Instantaneous","Conjuration","Self","V, S, M (a crow feather)","Druid (PHB'24), Ranger (PHB'24), Sorcerer (PHB'24), Warlock (PHB'24), Wizard (PHB'24)","","","You summon and unleash a murder of deadly crows. Each creature of your choice in a 30-foot Cone originating from you makes a Dexterity saving throw. On a failed save, the target takes 5d6 Force damage and has the Blinded condition. On a successful save, it takes half as much damage only. A Blinded creature repeats the save at the end of each of its turns, ending the effect on itself on a success. The effect also ends if the creature regains any Hit Points. The crows disperse and vanish after they strike.","Using a Higher-Level Spell Slot. The damage increases by 1d6 for each spell slot level above 4."
"Mysterious Presence","TCM'24","131","Cantrip","Action","Concentration, up to 1 minute","Illusion","Touch","V, S","Bard (PHB'24), Druid (PHB'24), Sorcerer (PHB'24)","","","You touch a willing creature and shroud its presence. Until the spell ends, other creatures must subtract 1d4 from any Wisdom (Insight or Perception) checks made against the target.",""
"Nathair's Mischief","FTD","20","2nd","Action","Concentration, up to 1 minute","Illusion","60 feet","S, M (a piece of crust from an apple pie)","","Bard (PHB'14), Bard (PHB'24), Sorcerer (PHB'14), Sorcerer (PHB'24), Wizard (PHB'14), Wizard (PHB'24)","Arcane Trickster (PHB'24) Rogue, Arcane Trickster (PHB'14) Rogue, Lore (PHB'24) Bard, Eldritch Knight (PHB'24) Fighter, Eldritch Knight (PHB'14) Fighter, Illusionist (PHB'24) Wizard","You fill a 20-foot cube you can see within range with fey and draconic magic. Roll on the Mischievous Surge table to determine the magical effect produced, and roll again at the start of each of your turns until the spell ends. You can move the cube up to 10 feet before you roll.

Mischievous Surged4Effect1The smell of apple pie fills the air, and each creature in the cube must succeed on a Wisdom saving throw or become charmed by you until the start of your next turn.2Bouquets of flowers appear all around, and each creature in the cube must succeed on a Dexterity saving throw or be blinded until the start of your next turn as the flowers spray water in their faces.3Each creature in the cube must succeed on a Wisdom saving throw or begin giggling until the start of your next turn. A giggling creature is incapacitated and uses all its movement to move in a random direction.4Drops of molasses hover in the cube, making it difficult terrain until the start of your next turn.",""
"Otiluke's Freezing Sphere","PHB'24","302","6th","Action","Instantaneous","Evocation","300 feet","V, S, M (a miniature crystal sphere)","Sorcerer (PHB'24), Wizard (PHB'24)","","Arcana (SCAG) Cleric, Arcana (SCAG) Cleric, Evoker (PHB'24) Wizard","A frigid globe streaks from you to a point of your choice within range, where it explodes in a 60-foot-radius Sphere. Each creature in that area makes a Constitution saving throw, taking 10d6 Cold damage on a failed save or half as much damage on a successful one.

If the globe strikes a body of water, it freezes the water to a depth of 6 inches over an area 30 feet square. This ice lasts for 1 minute. Creatures that were swimming on the surface of frozen water are trapped in the ice and have the Restrained condition. A trapped creature can take an action to make a Strength (Athletics) check against your spell save DC to break free.

You can refrain from firing the globe after completing the spell's casting. If you do so, a globe about the size of a sling bullet, cool to the touch, appears in your hand. At any time, you or a creature you give the globe to can throw the globe (to a range of 40 feet) or hurl it with a sling (to the sling's normal range). It shatters on impact, with the same effect as a normal casting of the spell. You can also set the globe down without shattering it. After 1 minute, if the globe hasn't already shattered, it explodes.","Using a Higher-Level Spell Slot. The damage increases by 1d6 for each spell slot level above 6."
"Phantasmal Force","PHB'24","304","2nd","Action","Concentration, up to 1 minute","Illusion","60 feet","V, S, M (a bit of fleece)","Bard (PHB'24), Sorcerer (PHB'24), Wizard (PHB'24)","","Apocalypse (CBT) Cleric, Arcane Trickster (PHB'24) Rogue, Arcane Trickster (PHB'14) Rogue, Archfey (PHB'24) Warlock, Lore (PHB'24) Bard, Eldritch Knight (PHB'24) Fighter, Eldritch Knight (PHB'14) Fighter, Great Old One (PHB'24) Warlock, Illusionist (PHB'24) Wizard, Noble Genies (FRHoF) Paladin, Archfey (PHB'14) Warlock, Genie (TCE) Warlock, Genie (TCE) Warlock, Great Old One (PHB'14) Warlock, Undead (VRGR) Warlock, Undead (RHW) Warlock","You attempt to craft an illusion in the mind of a creature you can see within range. The target makes an Intelligence saving throw. On a failed save, you create a phantasmal object, creature, or other phenomenon that is no larger than a 10-foot Cube and that is perceivable only to the target for the duration. The phantasm includes sound, temperature, and other stimuli.

The target can take a Study action to examine the phantasm with an Intelligence (Investigation) check against your spell save DC. If the check succeeds, the target realizes that the phantasm is an illusion, and the spell ends.

While affected by the spell, the target treats the phantasm as if it were real and rationalizes any illogical outcomes from interacting with it. For example, if the target steps through a phantasmal bridge and survives the fall, it believes the bridge exists and something else caused it to fall.

An affected target can even take damage from the illusion if the phantasm represents a dangerous creature or hazard. On each of your turns, such a phantasm can deal 2d8 Psychic damage to the target if it is in the phantasm's area or within 5 feet of the phantasm. The target perceives the damage as a type appropriate to the illusion.",""
"Phantom Panther","CBT","0","3rd","Action","Concentration, up to 1 minute","Conjuration","120 feet","V","Bard (PHB'24), Druid (PHB'24), Ranger (PHB'24), Sorcerer (PHB'24), Warlock (PHB'24), Wizard (PHB'24)","","Feline Court (CBT) Warlock","You conjure a spectral panther that pounces on a creature you can see within range, mauling and pinning it for your allies close in for the kill.

The target makes a Strength saving throw. On a failed save, the target takes 8d6 Force damage and has the Restrained condition until the spell ends. On a successful save, the target takes half as much damage only, and the spell ends. While Restrained, the target takes 2d6 Force damage at the start of each of its turns. The target or a creature within reach of it can take an action to make a Strength (Athletics) check against your spell save DC. On a success, the spell ends.","Using a Higher-Level Spell Slot. The damage increases by 1d6 for each spell slot level above 3."
"Plane Shift","PHB'24","305","7th","Action","Instantaneous","Conjuration","Touch","V, S, M (a forked, metal rod worth 250+ GP and attuned to a plane of existence)","Cleric (PHB'24), Druid (PHB'24), Sorcerer (PHB'24), Warlock (PHB'24), Wizard (PHB'24)","","Arcana (SCAG) Cleric, Arcana (SCAG) Cleric, Divine Soul (XGE) Sorcerer, Divine Soul (XGE) Sorcerer","You and up to eight willing creatures who link hands in a circle are transported to a different plane of existence. You can specify a target destination in general terms, such as the City of Brass on the Elemental Plane of Fire or the palace of Dispater on the second level of the Nine Hells, and you appear in or near that destination, as determined by the DM.

Alternatively, if you know the sigil sequence of a teleportation circle on another plane of existence, this spell can take you to that circle. If the teleportation circle is too small to hold all the creatures you transported, they appear in the closest unoccupied spaces next to the circle.",""
"Poison Spray","PHB'24","306","Cantrip","Action","Instantaneous","Necromancy","30 feet","V, S","Artificer (EFA), Druid (PHB'24), Sorcerer (PHB'24), Warlock (PHB'24), Wizard (PHB'24)","","Arcana (SCAG) Cleric, Arcana (SCAG) Cleric, Arcane Trickster (PHB'24) Rogue, Arcane Trickster (PHB'14) Rogue, Land (PHB'14) Druid, Lore (PHB'24) Bard, Moon (FRHoF) Bard, Death (DMG'14) Cleric, Death (DMG'14) Cleric, Eldritch Knight (PHB'24) Fighter, Eldritch Knight (PHB'14) Fighter, Nature (PHB'14) Cleric, Nature (PHB'14) Cleric, Strength (PSA) (PSA) Cleric, Strength (PSA) (PSA) Cleric","You spray toxic mist at a creature within range. Make a ranged spell attack against the target. On a hit, the target takes 1d12 Poison damage.","Cantrip Upgrade. The damage increases by 1d12 when you reach levels 5 (2d12), 11 (3d12), and 17 (4d12)."
"Polymorph","PHB'24","306","4th","Action","Concentration, up to 1 hour","Transmutation","60 feet","V, S, M (a caterpillar cocoon)","Bard (PHB'24), Druid (PHB'24), Sorcerer (PHB'24), Wizard (PHB'24)","","Arcane Trickster (PHB'14) Rogue, Arcane Trickster (PHB'24) Rogue, Land (Tropical Land) (PHB'24) Druid, Eldritch Knight (PHB'14) Fighter, Eldritch Knight (PHB'24) Fighter, Horned King (TCM'24) Warlock, Horned King (TCM'14) Warlock, Horned King (TCM'14) Warlock, Trickery (PHB'14) Cleric","You attempt to transform a creature that you can see within range into a Beast. The target must succeed on a Wisdom saving throw or shape-shift into Beast form for the duration. That form can be any Beast you choose that has a Challenge Rating equal to or less than the target's (or the target's level if it doesn't have a Challenge Rating). The target's game statistics are replaced by the stat block of the chosen Beast, but the target retains its alignment, personality, creature type, Hit Points, and Hit Point Dice.

The target gains a number of Temporary Hit Points equal to the Hit Points of the Beast form. These Temporary Hit Points vanish if any remain when the spell ends. The spell ends early on the target if it has no Temporary Hit Points left.

The target is limited in the actions it can perform by the anatomy of its new form, and it can't speak or cast spells.

The target's gear melds into the new form. The creature can't use or otherwise benefit from any of that equipment.",""
"Power Word Kill","PHB'24","306","9th","Action","Instantaneous","Enchantment","60 feet","V","Bard (PHB'24), Sorcerer (PHB'24), Warlock (PHB'24), Wizard (PHB'24)","","Arcana (SCAG) Cleric, Arcana (SCAG) Cleric","You compel one creature you can see within range to die. If the target has 100 Hit Points or fewer, it dies. Otherwise, it takes 12d12 Psychic damage.",""
"Power Word Pain","XGE","163","7th","Action","Instantaneous","Enchantment","60 feet","V","","Sorcerer (PHB'14), Sorcerer (PHB'24), Warlock (PHB'14), Warlock (PHB'24), Wizard (PHB'14), Wizard (PHB'24)","Arcana (SCAG) Cleric, Arcana (SCAG) Cleric","You speak a word of power that causes waves of intense pain to assail one creature you can see within range. If the target has 100 hit points or fewer, it is subject to crippling pain. Otherwise, the spell has no effect on it. A target is also unaffected if it is immune to being charmed.

While the target is affected by crippling pain, any speed it has can be no higher than 10 feet. The target also has disadvantage on attack rolls, ability checks, and saving throws, other than Constitution saving throws. Finally, if the target tries to cast a spell, it must first succeed on a Constitution saving throw, or the casting fails and the spell is wasted.

A target suffering this pain can make a Constitution saving throw at the end of each of its turns. On a successful save, the pain ends.",""
"Power Word Stun","PHB'24","306","8th","Action","Instantaneous","Enchantment","60 feet","V","Bard (PHB'24), Sorcerer (PHB'24), Warlock (PHB'24), Wizard (PHB'24)","","Arcana (SCAG) Cleric, Arcana (SCAG) Cleric","You overwhelm the mind of one creature you can see within range. If the target has 150 Hit Points or fewer, it has the Stunned condition. Otherwise, its Speed is 0 until the start of your next turn.

The Stunned target makes a Constitution saving throw at the end of each of its turns, ending the condition on itself on a success.",""
"Prestidigitation","PHB'24","307","Cantrip","Action","1 hour","Transmutation","10 feet","V, S","Artificer (EFA), Bard (PHB'24), Sorcerer (PHB'24), Warlock (PHB'24), Wizard (PHB'24)","","Arcana (SCAG) Cleric, Arcana (SCAG) Cleric, Arcane Archer (XGE) Fighter, Arcane Archer (XGE) Fighter, Arcane Trickster (PHB'24) Rogue, Arcane Trickster (PHB'14) Rogue, Lore (PHB'24) Bard, Eldritch Knight (PHB'24) Fighter, Eldritch Knight (PHB'14) Fighter, Sinner (TCM'24) Rogue, Sinner (TCM'14) Rogue, Sinner (TCM'14) Rogue","You create a magical effect within range. Choose the effect from the options below. If you cast this spell multiple times, you can have up to three of its non-instantaneous effects active at a time.

Sensory Effect. You create an instantaneous, harmless sensory effect, such as a shower of sparks, a puff of wind, faint musical notes, or an odd odor.

Fire Play. You instantaneously light or snuff out a candle, a torch, or a small campfire.

Clean or Soil. You instantaneously clean or soil an object no larger than 1 cubic foot.

Minor Sensation. You chill, warm, or flavor up to 1 cubic foot of nonliving material for 1 hour.

Magic Mark. You make a color, a small mark, or a symbol appear on an object or a surface for 1 hour.

Minor Creation. You create a nonmagical trinket or an illusory image that can fit in your hand. It lasts until the end of your next turn. A trinket can deal no damage and has no monetary worth.",""
"Prismatic Spray","PHB'24","307","7th","Action","Instantaneous","Evocation","Self","V, S","Bard (PHB'24), Sorcerer (PHB'24), Wizard (PHB'24)","","Arcana (SCAG) Cleric, Arcana (SCAG) Cleric, Evoker (PHB'24) Wizard","Eight rays of light flash from you in a 60-foot Cone. Each creature in the Cone makes a Dexterity saving throw. For each target, roll 1d8 to determine which color ray affects it, consulting the Prismatic Rays table.

Prismatic Rays1d8Ray1Red. Failed Save: 12d6 Fire damage. Successful Save: Half as much damage.2Orange. Failed Save: 12d6 Acid damage. Successful Save: Half as much damage.3Yellow. Failed Save: 12d6 Lightning damage. Successful Save: Half as much damage.4Green. Failed Save: 12d6 Poison damage. Successful Save: Half as much damage.5Blue. Failed Save: 12d6 Cold damage. Successful Save: Half as much damage.6Indigo. Failed Save: The target has the Restrained condition and makes a Constitution saving throw at the end of each of its turns. If it successfully saves three times, the condition ends. If it fails three times, it has the Petrified condition until it is freed by an effect like the Greater Restoration spell. The successes and failures needn't be consecutive; keep track of both until the target collects three of a kind.7Violet. Failed Save: The target has the Blinded condition and makes a Wisdom saving throw at the start of your next turn. On a successful save, the condition ends. On a failed save, the condition ends, and the creature teleports to another plane of existence (DM's choice).8Special. The target is struck by two rays. Roll twice, rerolling any 8.",""
"Protection from Energy","PHB'24","309","3rd","Action","Concentration, up to 1 hour","Abjuration","Touch","V, S","Artificer (EFA), Cleric (PHB'24), Druid (PHB'24), Ranger (PHB'24), Sorcerer (PHB'24), Wizard (PHB'24)","","Abjurer (PHB'24) Wizard, Arcane Trickster (PHB'24) Rogue, Arcane Trickster (PHB'14) Rogue, Land (Desert) (PHB'14) Druid, Clockwork (PHB'24) Sorcerer, Clockwork Soul (TCE) Sorcerer, Lore (PHB'24) Bard, Divine Soul (XGE) Sorcerer, Divine Soul (XGE) Sorcerer, Eldritch Knight (PHB'24) Fighter, Eldritch Knight (PHB'14) Fighter, Forge (XGE) Cleric, Forge (XGE) Cleric, Glory (PHB'24) Paladin, Glory (TCE) Paladin, Vengeance (PHB'24) Paladin, Vengeance (PHB'14) Paladin, Ancients (PHB'24) Paladin, Ancients (PHB'14) Paladin, Guardian (CBT) Paladin, Strength (PSA) (PSA) Cleric, Strength (PSA) (PSA) Cleric","For the duration, the willing creature you touch has Resistance to one damage type of your choice: Acid, Cold, Fire, Lightning, or Thunder.",""
"Psychic Scream","XGE","163","9th","Action","Instantaneous","Enchantment","90 feet","S","","Bard (PHB'14), Bard (PHB'24), Sorcerer (PHB'14), Sorcerer (PHB'24), Warlock (PHB'14), Warlock (PHB'24), Wizard (PHB'14), Wizard (PHB'24)","Arcana (SCAG) Cleric, Arcana (SCAG) Cleric","You unleash the power of your mind to blast the intellect of up to ten creatures of your choice that you can see within range. Creatures that have an Intelligence score of 2 or lower are unaffected.

Each target must make an Intelligence saving throw. On a failed save, a target takes 14d6 psychic damage and is stunned. On a successful save, a target takes half as much damage and isn't stunned. If a target is killed by this damage, its head explodes, assuming it has one.

A stunned target can make an Intelligence saving throw at the end of each of its turns. On a successful save, the stunning effect ends.",""
"Puppet Master","TCM'24","131","4th","Action","Concentration, up to 1 minute","Enchantment","60 feet","V, S, M (a marionette string)","Bard (PHB'24), Sorcerer (PHB'24), Warlock (PHB'24), Wizard (PHB'24)","","Great Fool (TCM'24) Warlock","One creature that you can see within range must succeed on a Wisdom saving throw or have the Charmed condition for the duration.

Magical marionette strings attach to the Charmed creature's limbs or body, and it must use its action on its turn to make a melee attack against a creature other than itself that you mentally choose, moving to reach the target if necessary. The target can act normally on its turn if you don't choose another creature, or if the creature isn't within the target's reach after it moves. The target repeats the save at the end of each of its turns, ending the spell on itself on a success.

On your later turns, you must take a Bonus Action to maintain control of the target, or the spell ends.",""
"Pyrotechnics","XGE","163","2nd","Action","Instantaneous","Transmutation","60 feet","V, S","","Artificer (TCE), Artificer (EFA), Bard (PHB'14), Bard (PHB'24), Sorcerer (PHB'14), Sorcerer (PHB'24), Wizard (PHB'14), Wizard (PHB'24)","Arcane Trickster (PHB'24) Rogue, Arcane Trickster (PHB'14) Rogue, Lore (PHB'24) Bard, Eldritch Knight (PHB'24) Fighter, Eldritch Knight (PHB'14) Fighter","Choose an area of nonmagical flame that you can see and that fits within a 5-foot cube within range. You can extinguish the fire in that area, and you create either fireworks or smoke when you do so.

Fireworks. The target explodes with a dazzling display of colors. Each creature within 10 feet of the target must succeed on a Constitution saving throw or become blinded until the end of your next turn.

Smoke. Thick black smoke spreads out from the target in a 20-foot radius, moving around corners. The area of the smoke is heavily obscured. The smoke persists for 1 minute or until a strong wind disperses it.",""
"Raulothim's Psychic Lance","FTD","21","4th","Action","Instantaneous","Enchantment","120 feet","V","","Bard (PHB'14), Bard (PHB'24), Sorcerer (PHB'14), Sorcerer (PHB'24), Warlock (PHB'14), Warlock (PHB'24), Wizard (PHB'14), Wizard (PHB'24)","Arcane Trickster (PHB'14) Rogue, Arcane Trickster (PHB'24) Rogue, Eldritch Knight (PHB'14) Fighter, Eldritch Knight (PHB'24) Fighter","You unleash a shimmering lance of psychic power from your forehead at a creature that you can see within range. Alternatively, you can utter a creature's name. If the named target is within range, it becomes the spell's target even if you can't see it. If the named target isn't within range, the lance dissipates without effect.

The target must make an Intelligence saving throw. On a failed save, the target takes 7d6 psychic damage and is incapacitated until the start of your next turn. On a successful save, the creature takes half as much damage and isn't incapacitated.","At Higher Levels. When you cast this spell using a spell slot of 5th level or higher, the damage increases by 1d6 for each slot level above 4th."
"Ray of Frost","PHB'24","311","Cantrip","Action","Instantaneous","Evocation","60 feet","V, S","Artificer (EFA), Sorcerer (PHB'24), Wizard (PHB'24)","","Arcana (SCAG) Cleric, Arcana (SCAG) Cleric, Arcane Trickster (PHB'24) Rogue, Arcane Trickster (PHB'14) Rogue, Land (Polar Land) (PHB'24) Druid, Sea (PHB'24) Druid, Lore (PHB'24) Bard, Eldritch Knight (PHB'24) Fighter, Eldritch Knight (PHB'14) Fighter, Evoker (PHB'24) Wizard","A frigid beam of blue-white light streaks toward a creature within range. Make a ranged spell attack against the target. On a hit, it takes 1d8 Cold damage, and its Speed is reduced by 10 feet until the start of your next turn.","Cantrip Upgrade. The damage increases by 1d8 when you reach levels 5 (2d8), 11 (3d8), and 17 (4d8)."
"Ray of Sickness","PHB'24","311","1st","Action","Instantaneous","Necromancy","60 feet","V, S","Sorcerer (PHB'24), Wizard (PHB'24)","","Alchemist (TCE) Artificer, Alchemist (EFA) Artificer, Arcane Trickster (PHB'24) Rogue, Arcane Trickster (PHB'14) Rogue, Land (Tropical Land) (PHB'24) Druid, Lore (PHB'24) Bard, Death (DMG'14) Cleric, Death (DMG'14) Cleric, Eldritch Knight (PHB'24) Fighter, Eldritch Knight (PHB'14) Fighter, Lunar (DSotDQ) Sorcerer, Lunar (DSotDQ) Sorcerer, Undying (SCAG) Warlock, Undying (SCAG) Warlock, Undead (RHW) Warlock","You shoot a greenish ray at a creature within range. Make a ranged spell attack against the target. On a hit, the target takes 2d8 Poison damage and has the Poisoned condition until the end of your next turn.","Using a Higher-Level Spell Slot. The damage increases by 1d8 for each spell slot level above 1."
"Red Sign","CBT","0","6th","Action","Concentration, up to 1 minute","Conjuration","Self","V, S","Sorcerer (PHB'24), Warlock (PHB'24), Wizard (PHB'24)","","","You reach above your head and conjure the dreaded Red Sign, a sigil of immense power that is inimical to all creatures. At the end of each of your turns for the duration, each creature (including yourself) within 30 feet of you that can see you takes 5d8 Necrotic damage. This damage can't break your Concentration. If this damage reduces a creature to 0 Hit Points, it and everything nonmagical it is wearing and carrying collapses into a pile of slime and viscera. The target can be revived only by a True Resurrection or a Wish spell.",""
"Reverse Gravity","PHB'24","312","7th","Action","Concentration, up to 1 minute","Transmutation","100 feet","V, S, M (a lodestone and iron filings)","Druid (PHB'24), Sorcerer (PHB'24), Wizard (PHB'24)","","Arcana (SCAG) Cleric, Arcana (SCAG) Cleric","This spell reverses gravity in a 50-foot-radius, 100-foot high Cylinder centered on a point within range. All creatures and objects in that area that aren't anchored to the ground fall upward and reach the top of the Cylinder. A creature can make a Dexterity saving throw to grab a fixed object it can reach, thus avoiding the fall upward.

If a ceiling or an anchored object is encountered in this upward fall, creatures and objects strike it just as they would during a downward fall. If an affected creature or object reaches the Cylinder's top without striking anything, it hovers there for the duration. When the spell ends, affected objects and creatures fall downward.",""
"Rime's Binding Ice","FTD","21","2nd","Action","Instantaneous","Evocation","Self","S, M (a vial of meltwater)","","Sorcerer (PHB'14), Sorcerer (PHB'24), Wizard (PHB'14), Wizard (PHB'24)","Arcane Trickster (PHB'24) Rogue, Arcane Trickster (PHB'14) Rogue, Lore (PHB'24) Bard, Eldritch Knight (PHB'24) Fighter, Eldritch Knight (PHB'14) Fighter, Evoker (PHB'24) Wizard","A burst of cold energy emanates from you in a 30-foot cone. Each creature in that area must make a Constitution saving throw. On a failed save, a creature takes 3d8 cold damage and is hindered by ice formations for 1 minute, or until it or another creature within reach of it uses an action to break away the ice. A creature hindered by ice has its speed reduced to 0. On a successful save, a creature takes half as much damage and isn't hindered by ice.","At Higher Levels. When you cast this spell using a spell slot of 3rd level or higher, increase the cold damage by 1d8 for each slot level above 2nd."
"Sanguine Secrets","TCM'24","132","2nd","Bonus","1 round","Divination","30 feet","V, S, M (a drop of blood, which the spell consumes)","Ranger (PHB'24), Sorcerer (PHB'24), Warlock (PHB'24), Wizard (PHB'24)","","","You draw knowledge through the power of blood about a creature you can see within range. You learn the target's species and creature type, its current Hit Points, and any conditions affecting it. You also learn if it has any of the following, and, if so, what they are: Vulnerability, Resistance, or Immunity to damage or conditions. Additionally, the next ability check or attack roll you make against the target before the end of your next turn has Advantage.",""
"Scatter","XGE","164","6th","Action","Instantaneous","Conjuration","30 feet","V","","Sorcerer (PHB'14), Sorcerer (PHB'24), Warlock (PHB'14), Warlock (PHB'24), Wizard (PHB'14), Wizard (PHB'24)","Arcana (SCAG) Cleric, Arcana (SCAG) Cleric","The air quivers around up to five creatures of your choice that you can see within range. An unwilling creature must succeed on a Wisdom saving throw to resist this spell. You teleport each affected target to an unoccupied space that you can see within 120 feet of you. That space must be on the ground or on a floor.",""
"Scorching Ray","PHB'24","313","2nd","Action","Instantaneous","Evocation","120 feet","V, S","Sorcerer (PHB'24), Wizard (PHB'24)","","Arcane Trickster (PHB'24) Rogue, Arcane Trickster (PHB'14) Rogue, Artillerist (TCE) Artificer, Artillerist (EFA) Artificer, Wildfire (TCE) Druid, Wildfire (TCE) Druid, Lore (PHB'24) Bard, Eldritch Knight (PHB'24) Fighter, Eldritch Knight (PHB'14) Fighter, Evoker (PHB'24) Wizard, Fiend (PHB'24) Warlock, Light (PHB'24) Cleric, Light (PHB'14) Cleric, Spellfire (FRHoF) Sorcerer, Fiend (PHB'14) Warlock, Genie (Efreeti) (TCE) Warlock, Genie (Efreeti) (TCE) Warlock","You hurl three fiery rays. You can hurl them at one target within range or at several. Make a ranged spell attack for each ray. On a hit, the target takes 2d6 Fire damage.","Using a Higher-Level Spell Slot. You create one additional ray for each spell slot level above 2."
"See Invisibility","PHB'24","314","2nd","Action","1 hour","Divination","Self","V, S, M (a pinch of talc)","Artificer (EFA), Bard (PHB'24), Sorcerer (PHB'24), Wizard (PHB'24)","","Arcane Trickster (PHB'24) Rogue, Arcane Trickster (PHB'14) Rogue, Lore (PHB'24) Bard, Diviner (PHB'24) Wizard, Eldritch Knight (PHB'24) Fighter, Eldritch Knight (PHB'14) Fighter, Light (PHB'24) Cleric, Watchers (TCE) Paladin, Watchers (TCE) Paladin, Twilight (TCE) Cleric, Twilight (TCE) Cleric","For the duration, you see creatures and objects that have the Invisible condition as if they were visible, and you can see into the Ethereal Plane. Creatures and objects there appear ghostly.",""
"Seeming","PHB'24","314","5th","Action","8 hours","Illusion","30 feet","V, S","Bard (PHB'24), Sorcerer (PHB'24), Wizard (PHB'24)","","Archfey (PHB'24) Warlock, Gloom Stalker (XGE) Ranger, Gloom Stalker (PHB'24) Ranger, Illusionist (PHB'24) Wizard, Archfey (PHB'14) Warlock, Genie (Djinni) (TCE) Warlock, Genie (Djinni) (TCE) Warlock","You give an illusory appearance to each creature of your choice that you can see within range. An unwilling target can make a Charisma saving throw, and if it succeeds, it is unaffected by this spell.

You can give the same appearance or different ones to the targets. The spell can change the appearance of the targets' bodies and equipment. You can make each creature seem 1 foot shorter or taller and appear heavier or lighter. A target's new appearance must have the same basic arrangement of limbs as the target, but the extent of the illusion is otherwise up to you. The spell lasts for the duration.

The changes wrought by this spell fail to hold up to physical inspection. For example, if you use this spell to add a hat to a creature's outfit, objects pass through the hat.

A creature that takes the Study action to examine a target can make an Intelligence (Investigation) check against your spell save DC. If it succeeds, it becomes aware that the target is disguised.",""
"Shadow Blade","XGE","164","2nd","Bonus","Concentration, up to 1 minute","Illusion","Self","V, S","","Sorcerer (PHB'14), Sorcerer (PHB'24), Warlock (PHB'14), Warlock (PHB'24), Wizard (PHB'14), Wizard (PHB'24)","Arcane Trickster (PHB'24) Rogue, Arcane Trickster (PHB'14) Rogue, Lore (PHB'24) Bard, Eldritch Knight (PHB'24) Fighter, Eldritch Knight (PHB'14) Fighter, Illusionist (PHB'24) Wizard","You weave together threads of shadow to create a sword of solidified gloom in your hand. This magic sword lasts until the spell ends. It counts as a simple melee weapon with which you are proficient. It deals 2d8 psychic damage on a hit and has the finesse, light, and thrown properties (range 20/60). In addition, when you use the sword to attack a target that is in dim light or darkness, you make the attack roll with advantage.

If you drop the weapon or throw it, it dissipates at the end of the turn. Thereafter, while the spell persists, you can use a bonus action to cause the sword to reappear in your hand.","At Higher Levels. When you cast this spell using a 3rd- or 4th-level spell slot, the damage increases to 3d8. When you cast it using a 5th- or 6th-level spell slot, the damage increases to 4d8. When you cast it using a spell slot of 7th level or higher, the damage increases to 5d8."
"Shadow Drain","TCM'24","133","3rd","Action","Concentration, up to 1 minute","Necromancy","Self","V, S","Sorcerer (PHB'24), Warlock (PHB'24), Wizard (PHB'24)","","","You siphon away the vitality and sense of self through the shadows of nearby creatures in a 15-foot Emanation originating from you.

When you cast this spell, you can designate creatures to be unaffected by it. Whenever any other creature enters the Emanation or starts its turn there, or when the Emanation enters a creature's space, the creature must make a Charisma saving throw. On a failed save, the creature takes 2d6 Necrotic damage and has Disadvantage on attack rolls and ability checks until the end of its next turn. On a successful save, the creature takes half as much damage only. A creature makes this save only once per turn.","Using a Higher-Level Spell Slot. The damage increases by 1d6 for each spell slot level above 3."
"Shadowy Eruption","CBT","0","3rd","Action","Instantaneous","Conjuration","150 feet","V, S","Sorcerer (PHB'24), Warlock (PHB'24), Wizard (PHB'24)","","Hungering Dark (CBT) Sorcerer","A 20-foot radius Sphere of gloom erupts from a point you choose within range as fell energies from the dimension of shadow flood the area. You select an entity to push through into this reality for a horrifying moment. When you cast this spell, choose one of the following options:

The Darkness Hides Terrors. Creatures of your choice in the area must make Dexterity saving throws. A target takes 4d8 Psychic damage on a failed save and must use a reaction to move as far away as it can from the point you chose, using the safest route. On a successful save, the target takes half as much damage only.

Tomb of Shadows. Creatures of your choice in the area must make Constitution saving throws. A target takes 4d8 Necrotic damage on a failed save and its Speed is reduced by 20 feet for 1 minute. On a successful save, the target takes half as much damage only.","Using a Higher-Level Spell Slot. The damage increases by 1d8 for each spell slot level above 3."
"Shape Water","XGE","164","Cantrip","Action","Instantaneous or 1 hour (see below)","Transmutation","30 feet","S","","Druid (PHB'14), Druid (PHB'24), Sorcerer (PHB'14), Sorcerer (PHB'24), Wizard (PHB'14), Wizard (PHB'24)","Arcana (SCAG) Cleric, Arcana (SCAG) Cleric, Arcane Trickster (PHB'24) Rogue, Arcane Trickster (PHB'14) Rogue, Chronurgy (EGW) Wizard, Chronurgy (EGW) Wizard, Land (PHB'14) Druid, Lore (PHB'24) Bard, Moon (FRHoF) Bard, Eldritch Knight (PHB'24) Fighter, Eldritch Knight (PHB'14) Fighter, Graviturgy (EGW) Wizard, Graviturgy (EGW) Wizard, Nature (PHB'14) Cleric, Nature (PHB'14) Cleric, Strength (PSA) (PSA) Cleric, Strength (PSA) (PSA) Cleric","You choose an area of water that you can see within range and that fits within a 5-foot cube. You manipulate it in one of the following ways:

You instantaneously move or otherwise change the flow of the water as you direct, up to 5 feet in any direction. This movement doesn't have enough force to cause damage.You cause the water to form into simple shapes and animate at your direction. This change lasts for 1 hour.You change the water's color or opacity. The water must be changed in the same way throughout. This change lasts for 1 hour.You freeze the water, provided that there are no creatures in it. The water unfreezes in 1 hour.If you cast this spell multiple times, you can have no more than two of its non-instantaneous effects active at a time, and you can dismiss such an effect as an action.",""
"Shatter","PHB'24","316","2nd","Action","Instantaneous","Evocation","60 feet","V, S, M (a chip of mica)","Bard (PHB'24), Sorcerer (PHB'24), Wizard (PHB'24)","","Arcane Trickster (PHB'24) Rogue, Arcane Trickster (PHB'14) Rogue, Armorer (TCE) Artificer, Armorer (EFA) Artificer, Artillerist (TCE) Artificer, Artillerist (EFA) Artificer, Sea (PHB'24) Druid, Lore (PHB'24) Bard, Eldritch Knight (PHB'24) Fighter, Eldritch Knight (PHB'14) Fighter, Evoker (PHB'24) Wizard, Tempest (PHB'14) Cleric, Tempest (PHB'14) Cleric, Zeal (PSA) (PSA) Cleric, Zeal (PSA) (PSA) Cleric","A loud noise erupts from a point of your choice within range. Each creature in a 10-foot-radius Sphere centered there makes a Constitution saving throw, taking 3d8 Thunder damage on a failed save or half as much damage on a successful one. A Construct has Disadvantage on the save.

A nonmagical object that isn't being worn or carried also takes the damage if it's in the spell's area.","Using a Higher-Level Spell Slot. The damage increases by 1d8 for each spell slot level above 2."
"Shield","PHB'24","316","1st","Reaction","1 round","Abjuration","Self","V, S","Sorcerer (PHB'24), Wizard (PHB'24)","","Abjurer (PHB'24) Wizard, Arcane Trickster (PHB'24) Rogue, Arcane Trickster (PHB'14) Rogue, Artillerist (TCE) Artificer, Artillerist (EFA) Artificer, Battle Smith (TCE) Artificer, Battle Smith (EFA) Artificer, Lore (PHB'24) Bard, Eldritch Knight (PHB'24) Fighter, Eldritch Knight (PHB'14) Fighter, Lunar (DSotDQ) Sorcerer, Lunar (DSotDQ) Sorcerer, Hexblade (XGE) Warlock, Hexblade (XGE) Warlock","An imperceptible barrier of magical force protects you. Until the start of your next turn, you have a +5 bonus to AC, including against the triggering attack, and you take no damage from Magic Missile.",""
"Shocking Grasp","PHB'24","316","Cantrip","Action","Instantaneous","Evocation","Touch","V, S","Artificer (EFA), Sorcerer (PHB'24), Wizard (PHB'24)","","Arcana (SCAG) Cleric, Arcana (SCAG) Cleric, Arcane Trickster (PHB'24) Rogue, Arcane Trickster (PHB'14) Rogue, Land (Temperate Land) (PHB'24) Druid, Lore (PHB'24) Bard, Eldritch Knight (PHB'24) Fighter, Eldritch Knight (PHB'14) Fighter, Evoker (PHB'24) Wizard","Lightning springs from you to a creature that you try to touch. Make a melee spell attack against the target. On a hit, the target takes 1d8 Lightning damage, and it can't make Opportunity Attacks until the start of its next turn.","Cantrip Upgrade. The damage increases by 1d8 when you reach levels 5 (2d8), 11 (3d8), and 17 (4d8)."
"Sickening Radiance","XGE","164","4th","Action","Concentration, up to 10 minutes","Evocation","120 feet","V, S","","Sorcerer (PHB'14), Sorcerer (PHB'24), Warlock (PHB'14), Warlock (PHB'24), Wizard (PHB'14), Wizard (PHB'24)","Arcane Trickster (PHB'14) Rogue, Arcane Trickster (PHB'24) Rogue, Eldritch Knight (PHB'14) Fighter, Eldritch Knight (PHB'24) Fighter, Evoker (PHB'24) Wizard","Dim, greenish light spreads within a 30-foot-radius sphere centered on a point you choose within range. The light spreads around corners, and it lasts until the spell ends.

When a creature moves into the spell's area for the first time on a turn or starts its turn there, that creature must succeed on a Constitution saving throw or take 4d10 radiant damage, and it suffers one level of exhaustion and emits a dim, greenish light in a 5-foot radius. This light makes it impossible for the creature to benefit from being invisible. The light and any levels of exhaustion caused by this spell go away when the spell ends.",""
"Silent Image","PHB'24","317","1st","Action","Concentration, up to 10 minutes","Illusion","60 feet","V, S, M (a bit of fleece)","Bard (PHB'24), Sorcerer (PHB'24), Wizard (PHB'24)","","Arcane Trickster (PHB'24) Rogue, Arcane Trickster (PHB'14) Rogue, Lore (PHB'24) Bard, Eldritch Knight (PHB'24) Fighter, Eldritch Knight (PHB'14) Fighter, Illusionist (PHB'24) Wizard","You create the image of an object, a creature, or some other visible phenomenon that is no larger than a 15-foot Cube. The image appears at a spot within range and lasts for the duration. The image is purely visual; it isn't accompanied by sound, smell, or other sensory effects.

As a Magic action, you can cause the image to move to any spot within range. As the image changes location, you can alter its appearance so that its movements appear natural for the image. For example, if you create an image of a creature and move it, you can alter the image so that it appears to be walking.

Physical interaction with the image reveals it to be an illusion, since things can pass through it. A creature that takes a Study action to examine the image can determine that it is an illusion with a successful Intelligence (Investigation) check against your spell save DC. If a creature discerns the illusion for what it is, the creature can see through the image.",""
"Silvery Barbs","SCC","38","1st","Reaction","Instantaneous","Enchantment","60 feet","V","Bard (PHB'14), Bard (PHB'24), Sorcerer (PHB'14), Sorcerer (PHB'24), Wizard (PHB'14), Wizard (PHB'24)","","Arcane Trickster (PHB'24) Rogue, Arcane Trickster (PHB'14) Rogue, Lore (PHB'24) Bard, Eldritch Knight (PHB'24) Fighter, Eldritch Knight (PHB'14) Fighter","You magically distract the triggering creature and turn its momentary uncertainty into encouragement for another creature. The triggering creature must reroll the d20 and use the lower roll.

You can then choose a different creature you can see within range (you can choose yourself). The chosen creature has advantage on the next attack roll, ability check, or saving throw it makes within 1 minute. A creature can be empowered by only one use of this spell at a time.",""
"Simbul's Synostodweomer","FRHoF","145","7th","Action","1 hour","Transmutation","Touch","V, S","Sorcerer (PHB'24), Wizard (PHB'24)","","Arcana (SCAG) Cleric, Arcana (SCAG) Cleric","You imbue one creature you touch with magical healing energy for the duration. Whenever the target casts a spell using a spell slot, the target can immediately roll a number of unexpended Hit Point Dice equal to the spell slot's level and regain Hit Points equal to the roll's total plus your spellcasting ability modifier; those dice are then expended.",""
"Skill Empowerment","XGE","165","5th","Action","Concentration, up to 1 hour","Transmutation","Touch","V, S","","Artificer (TCE), Artificer (EFA), Bard (PHB'14), Bard (PHB'24), Sorcerer (PHB'14), Sorcerer (PHB'24), Wizard (PHB'14), Wizard (PHB'24)","","Your magic deepens a creature's understanding of its own talent. You touch one willing creature and give it expertise in one skill of your choice; until the spell ends, the creature doubles its proficiency bonus for ability checks it makes that use the chosen skill.

You must choose a skill in which the target is proficient and that isn't already benefiting from an effect, such as Expertise, that doubles its proficiency bonus.",""
"Sleep","PHB'24","317","1st","Action","Concentration, up to 1 minute","Enchantment","60 feet","V, S, M (a pinch of sand or rose petals)","Bard (PHB'24), Sorcerer (PHB'24), Wizard (PHB'24)","","Arcane Trickster (PHB'24) Rogue, Arcane Trickster (PHB'14) Rogue, Archfey (PHB'24) Warlock, Land (Temperate Land) (PHB'24) Druid, Lore (PHB'24) Bard, Eldritch Knight (PHB'24) Fighter, Eldritch Knight (PHB'14) Fighter, Redemption (XGE) Paladin, Redemption (XGE) Paladin, Archfey (PHB'14) Warlock, Twilight (TCE) Cleric, Twilight (TCE) Cleric","Each creature of your choice in a 5-foot-radius Sphere centered on a point within range must succeed on a Wisdom saving throw or have the Incapacitated condition until the end of its next turn, at which point it must repeat the save. If the target fails the second save, the target has the Unconscious condition for the duration. The spell ends on a target if it takes damage or someone within 5 feet of it takes an action to shake it out of the spell's effect.

Creatures that don't sleep, such as elves, or that have Immunity to the Exhaustion condition automatically succeed on saves against this spell.",""
"Sleet Storm","PHB'24","317","3rd","Action","Concentration, up to 1 minute","Conjuration","150 feet","V, S, M (a miniature umbrella)","Druid (PHB'24), Sorcerer (PHB'24), Wizard (PHB'24)","","Arcane Trickster (PHB'24) Rogue, Arcane Trickster (PHB'14) Rogue, Land (Polar Land) (PHB'24) Druid, Land (Arctic) (PHB'14) Druid, Lore (PHB'24) Bard, Eldritch Knight (PHB'24) Fighter, Eldritch Knight (PHB'14) Fighter, Tempest (PHB'14) Cleric, Tempest (PHB'14) Cleric, Fathomless (TCE) Warlock, Fathomless (TCE) Warlock, Genie (Marid) (TCE) Warlock, Genie (Marid) (TCE) Warlock","Until the spell ends, sleet falls in a 40-foot-tall, 20-foot-radius Cylinder centered on a point you choose within range. The area is Heavily Obscured, and exposed flames in the area are doused.

Ground in the Cylinder is Difficult Terrain. When a creature enters the Cylinder for the first time on a turn or starts its turn there, it must succeed on a Dexterity saving throw or have the Prone condition and lose Concentration.",""
"Slow","PHB'24","318","3rd","Action","Concentration, up to 1 minute","Transmutation","120 feet","V, S, M (a drop of molasses)","Bard (PHB'24), Sorcerer (PHB'24), Wizard (PHB'24)","","Arcane Trickster (PHB'24) Rogue, Arcane Trickster (PHB'14) Rogue, Land (Arctic) (PHB'14) Druid, Lore (PHB'24) Bard, Eldritch Knight (PHB'24) Fighter, Eldritch Knight (PHB'14) Fighter, Order (TCE) Cleric, Order (TCE) Cleric","You alter time around up to six creatures of your choice in a 40-foot Cube within range. Each target must succeed on a Wisdom saving throw or be affected by this spell for the duration.

An affected target's Speed is halved, it takes a -2 penalty to AC and Dexterity saving throws, and it can't take Reactions. On its turns, it can take either an action or a Bonus Action, not both, and it can make only one attack if it takes the Attack action. If it casts a spell with a Somatic component, there is a 25 percent chance the spell fails as a result of the target making the spell's gestures too slowly.

An affected target repeats the save at the end of each of its turns, ending the spell on itself on a success.",""
"Snilloc's Snowball Swarm","XGE","165","2nd","Action","Instantaneous","Evocation","90 feet","V, S, M (a piece of ice or a small white rock chip)","","Sorcerer (PHB'14), Sorcerer (PHB'24), Wizard (PHB'14), Wizard (PHB'24)","Arcane Trickster (PHB'24) Rogue, Arcane Trickster (PHB'14) Rogue, Lore (PHB'24) Bard, Eldritch Knight (PHB'24) Fighter, Eldritch Knight (PHB'14) Fighter, Evoker (PHB'24) Wizard","A flurry of magic snowballs erupts from a point you choose within range. Each creature in a 5-foot-radius sphere centered on that point must make a Dexterity saving throw. A creature takes 3d6 cold damage on a failed save, or half as much damage on a successful one.","At Higher Levels. When you cast this spell using a spell slot of 3rd level or higher, the damage increases by 1d6 for each slot level above 2nd."
"Songal's Elemental Suffusion","FRHoF","145","5th","Action","Concentration, up to 1 minute","Transmutation","Self","V, S, M (a pearl worth 100+ GP)","Druid (PHB'24), Sorcerer (PHB'24), Wizard (PHB'24)","","","You imbue yourself with the elemental power of genies. You gain the following benefits until the spell ends:

Elemental Immunity. When you cast this spell, choose one of the following damage types: Acid, Cold, Fire, Lightning, or Thunder. You have Resistance to the chosen damage type.

Elemental Pulse. When you cast this spell and at the start of each of your subsequent turns, you release a burst of elemental energy in a 15-foot Emanation originating from yourself. Each creature of your choice in that area makes a Dexterity saving throw. On a failed save, a creature takes 2d6 Acid, Cold, Fire, Lightning, or Thunder damage (your choice) and has the Prone condition. On a successful save, a creature takes half as much damage only.

Flight. You gain a Fly Speed of 30 feet and can hover.

Casting as a Circle Spell. If the spell is cast as a Circle spell, its casting time increases to 1 minute, and its duration increases to Concentration, up to 10 minutes. For each secondary caster who participates in the casting, you can choose one additional creature, to a maximum of nine additional creatures. The chosen creatures also gain the benefits of the spell for its duration.

When the spell is cast, each secondary caster must expend a level 2+ spell slot; otherwise, the spell fails.",""
"Sorcerous Burst","PHB'24","318","Cantrip","Action","Instantaneous","Evocation","120 feet","V, S","Sorcerer (PHB'24)","","","You cast sorcerous energy at one creature or object within range. Make a ranged attack roll against the target. On a hit, the target takes 1d8 damage of a type you choose: Acid, Cold, Fire, Lightning, Poison, Psychic, or Thunder.

If you roll an 8 on a d8 for this spell, you can roll another d8, and add it to the damage. When you cast this spell, the maximum number of these d8s you can add to the spell's damage equals your spellcasting ability modifier.","Cantrip Upgrade. The damage increases by 1d8 when you reach levels 5 (2d8), 11 (3d8), and 17 (4d8)."
"Spellfire Flare","FRHoF","146","1st","Action","Instantaneous","Evocation","60 feet","V, S","Sorcerer (PHB'24), Wizard (PHB'24)","","Arcane Trickster (PHB'24) Rogue, Arcane Trickster (PHB'14) Rogue, Lore (PHB'24) Bard, Eldritch Knight (PHB'24) Fighter, Eldritch Knight (PHB'14) Fighter, Evoker (PHB'24) Wizard","You unleash a blast of brilliant fire. Make a ranged spell attack against a target within range; a target gains no benefit from Half Cover or Three-Quarters Cover for this attack roll. On a hit, the target takes 2d10 Radiant damage.","Using a Higher-Level Spell Slot. You create an additional blast for each spell slot level above 1. You can direct the blasts at the same target or at different ones. Make a separate attack roll for each blast."
"Spellfire Storm","FRHoF","146","4th","Action","Concentration, up to 1 minute","Evocation","60 feet","V, S","Sorcerer (PHB'24), Wizard (PHB'24)","","Arcane Trickster (PHB'14) Rogue, Arcane Trickster (PHB'24) Rogue, Eldritch Knight (PHB'14) Fighter, Eldritch Knight (PHB'24) Fighter, Evoker (PHB'24) Wizard","You conjure a pillar of spellfire in a 20-foot-radius, 20-foot-high Cylinder centered on a point within range. The area of the Cylinder is Bright Light, and each creature in it when it appears makes a Constitution saving throw, taking 4d10 Radiant damage on a failed save or half as much damage on a successful one. A creature also makes this save when it enters the spell's area for the first time on a turn or ends its turn there. A creature makes this save only once per turn.

In addition, whenever a creature in the Cylinder casts a spell, that creature makes a Constitution saving throw. On a failed save, the spell dissipates with no effect, and the action, Bonus Action, or Reaction used to cast it is wasted. If that spell was cast with a spell slot, the slot isn't expended.

When you cast this spell, you can designate creatures to be unaffected by it.

Casting as a Circle Spell. In addition to the spell's usual components, you must provide a special component (a blue star sapphire worth 25,000+ GP), which the spell consumes. The spell's range increases to 1 mile, and it no longer requires Concentration. When the spell is cast, each secondary caster must expend a level 3+ spell slot; otherwise, the spell fails.","Using a Higher-Level Spell Slot. The damage increases by 1d10 for every spell slot level above 4.

The number of secondary casters determines the spell's area of effect and duration, as shown in the table below. The spell ends early if any caster who participated in this casting contributes to another casting of Spellfire Storm as a Circle spell.

Secondary CastersArea of EffectDuration1-340-foot-radius, 40-foot-high Cylinder1 Hour4-660-foot-radius, 60-foot-high Cylinder8 Hours7+100-foot-radius, 100-foot-high Cylinder24 Hours"
"Spider Climb","PHB'24","319","2nd","Action","Concentration, up to 1 hour","Transmutation","Touch","V, S, M (a drop of bitumen and a spider)","Artificer (EFA), Sorcerer (PHB'24), Warlock (PHB'24), Wizard (PHB'24)","","Arcane Trickster (PHB'24) Rogue, Arcane Trickster (PHB'14) Rogue, Land (Forest) (PHB'14) Druid, Land (Mountain) (PHB'14) Druid, Land (Underdark) (PHB'14) Druid, Lore (PHB'24) Bard, Eldritch Knight (PHB'24) Fighter, Eldritch Knight (PHB'14) Fighter","Until the spell ends, one willing creature you touch gains the ability to move up, down, and across vertical surfaces and along ceilings, while leaving its hands free. The target also gains a Climb Speed equal to its Speed.","Using a Higher-Level Spell Slot. You can target one additional creature for each spell slot level above 2."
"Spirit of Death","BMT","50","4th","Action","Concentration, up to 1 hour","Necromancy","60 feet","V, S, M (a gilded playing card worth at least 400 gp and depicting an avatar of death)","","Sorcerer (PHB'14), Sorcerer (PHB'24), Warlock (PHB'14), Warlock (PHB'24), Wizard (PHB'14), Wizard (PHB'24)","Arcane Trickster (PHB'14) Rogue, Arcane Trickster (PHB'24) Rogue, Eldritch Knight (PHB'14) Fighter, Eldritch Knight (PHB'24) Fighter","You call forth a spirit that embodies death. The spirit manifests in an unoccupied space you can see within range and uses the reaper spirit stat block. The spirit disappears when it is reduced to 0 hit points or when the spell ends.

The spirit is an ally to you and your companions. In combat, the spirit shares your initiative count and takes its turn immediately after yours. It obeys your verbal commands (no action required by you). If you don't issue the spirit any commands, it takes the Dodge action and uses its movement to avoid danger.","At Higher Levels. When you cast this spell using a spell slot of 5th level or higher, use the higher level wherever the spell's level appears in the reaper spirit stat block."
"Spray of Cards","BMT","50","2nd","Action","Instantaneous","Conjuration","Self","V, S, M (a deck of cards)","","Bard (PHB'14), Bard (PHB'24), Sorcerer (PHB'14), Sorcerer (PHB'24), Warlock (PHB'14), Warlock (PHB'24), Wizard (PHB'14), Wizard (PHB'24)","Arcane Trickster (PHB'24) Rogue, Arcane Trickster (PHB'14) Rogue, Lore (PHB'24) Bard, Eldritch Knight (PHB'24) Fighter, Eldritch Knight (PHB'14) Fighter","You spray a 15-foot cone of spectral cards. Each creature in that area must make a Dexterity saving throw. On a failed save, a creature takes 2d10 force damage and has the blinded condition until the end of its next turn. On a successful save, a creature takes half as much damage only.","At Higher Levels. When you cast this spell using a spell slot of 3rd level or higher, the damage increases by 1d10 for each slot level above 2nd."
"Stinking Cloud","PHB'24","321","3rd","Action","Concentration, up to 1 minute","Conjuration","90 feet","V, S, M (a rotten egg)","Bard (PHB'24), Sorcerer (PHB'24), Wizard (PHB'24)","","Arcane Trickster (PHB'24) Rogue, Arcane Trickster (PHB'14) Rogue, Land (Tropical Land) (PHB'24) Druid, Land (Swamp) (PHB'14) Druid, Land (Underdark) (PHB'14) Druid, Lore (PHB'24) Bard, Eldritch Knight (PHB'24) Fighter, Eldritch Knight (PHB'14) Fighter, Fiend (PHB'24) Warlock, Great Fool (TCM'24) Warlock, Fiend (PHB'14) Warlock, Great Fool (TCM'14) Warlock, Great Fool (TCM'14) Warlock","You create a 20-foot-radius Sphere of yellow, nauseating gas centered on a point within range. The cloud is Heavily Obscured. The cloud lingers in the air for the duration or until a strong wind (such as the one created by Gust of Wind) disperses it.

Each creature that starts its turn in the Sphere must succeed on a Constitution saving throw or have the Poisoned condition until the end of the current turn. While Poisoned in this way, the creature can't take an action or a Bonus Action.",""
"Stoneskin","PHB'24","321","4th","Action","Concentration, up to 1 hour","Transmutation","Touch","V, S, M (diamond dust worth 100+ GP, which the spell consumes)","Artificer (EFA), Druid (PHB'24), Ranger (PHB'24), Sorcerer (PHB'24), Wizard (PHB'24)","","Arcane Trickster (PHB'14) Rogue, Arcane Trickster (PHB'24) Rogue, Land (Mountain) (PHB'14) Druid, Eldritch Knight (PHB'14) Fighter, Eldritch Knight (PHB'24) Fighter, Conquest (XGE) Paladin, Conquest (XGE) Paladin, Redemption (XGE) Paladin, Redemption (XGE) Paladin, Ancients (PHB'14) Paladin, Ancients (PHB'24) Paladin, War (PHB'14) Cleric, Strength (PSA) (PSA) Cleric, Strength (PSA) (PSA) Cleric","Until the spell ends, one willing creature you touch has Resistance to Bludgeoning, Piercing, and Slashing damage.",""
"Storm Sphere","XGE","166","4th","Action","Concentration, up to 1 minute","Evocation","150 feet","V, S","","Sorcerer (PHB'14), Sorcerer (PHB'24), Wizard (PHB'14), Wizard (PHB'24)","Arcane Trickster (PHB'14) Rogue, Arcane Trickster (PHB'24) Rogue, Eldritch Knight (PHB'14) Fighter, Eldritch Knight (PHB'24) Fighter, Evoker (PHB'24) Wizard","A 20-foot-radius sphere of whirling air springs into existence, centered on a point you choose within range. The sphere remains for the spell's duration. Each creature in the sphere when it appears or that ends its turn there must succeed on a Strength saving throw or take 2d6 bludgeoning damage. The sphere's space is difficult terrain.

Until the spell ends, you can use a bonus action on each of your turns to cause a bolt of lightning to leap from the center of the sphere toward one creature you choose within 60 feet of the center. Make a ranged spell attack. You have advantage on the attack roll if the target is in the sphere. On a hit, the target takes 4d6 lightning damage.

Creatures within 30 feet of the sphere have disadvantage on Wisdom (Perception) checks made to listen.","At Higher Levels. When you cast this spell using a spell slot of 5th level or higher, the damage for each of its effects increases by 1d6 for each slot level above 4th."
"Suggestion","PHB'24","321","2nd","Action","Concentration, up to 8 hours","Enchantment","30 feet","V, M (a drop of honey)","Bard (PHB'24), Sorcerer (PHB'24), Warlock (PHB'24), Wizard (PHB'24)","","Arcane Trickster (PHB'24) Rogue, Arcane Trickster (PHB'14) Rogue, Lore (PHB'24) Bard, Eldritch Knight (PHB'24) Fighter, Eldritch Knight (PHB'14) Fighter, Fiend (PHB'24) Warlock, Horned King (TCM'24) Warlock, Knowledge (PHB'14) Cleric, Horned King (TCM'14) Warlock, Horned King (TCM'14) Warlock","You suggest a course of activity—described in no more than 25 words—to one creature you can see within range that can hear and understand you. The suggestion must sound achievable and not involve anything that would obviously deal damage to the target or its allies. For example, you could say, ""Fetch the key to the cult's treasure vault, and give the key to me."" Or you could say, ""Stop fighting, leave this library peacefully, and don't return.""

The target must succeed on a Wisdom saving throw or have the Charmed condition for the duration or until you or your allies deal damage to the target. The Charmed target pursues the suggestion to the best of its ability. The suggested activity can continue for the entire duration, but if the suggested activity can be completed in a shorter time, the spell ends for the target upon completing it.",""
"Summon Shadow","CBT","0","5th","1 Min.","Concentration, up to 1 hour","Conjuration","90 feet","V, S, M","Sorcerer (PHB'24), Warlock (PHB'24), Wizard (PHB'24)","","Hungering Dark (CBT) Sorcerer","You call forth a spirit of shadow. It manifests as a silhouette of pure blackness in an unoccupied space you can see within range. This corporeal form uses the Shadow Spirit stat block. When you cast this spell, choose Infiltrator or Assassin. Your choice determines certain traits in its stat block. The creature disappears when it drops to 0 Hit Points or when the spell ends.

The creature is an ally to you and your companions. In combat, the creature shares your initiative count, but it takes its turn immediately after yours. It obeys your verbal commands (no action required by you). If you don't issue any, it takes the Dodge action and uses its move to avoid danger.","Using a Higher-Level Spell Slot. When you cast this spell using a spell slot of 6th level or higher, use the higher level wherever the spell's level appears in the stat block."
"Sunbeam","PHB'24","329","6th","Action","Concentration, up to 1 minute","Evocation","Self","V, S, M (a magnifying glass)","Cleric (PHB'24), Druid (PHB'24), Sorcerer (PHB'24), Wizard (PHB'24)","","Arcana (SCAG) Cleric, Arcana (SCAG) Cleric, Divine Soul (XGE) Sorcerer, Divine Soul (XGE) Sorcerer, Evoker (PHB'24) Wizard","You launch a sunbeam in a 5-foot-wide, 60-foot-long Line. Each creature in the Line makes a Constitution saving throw. On a failed save, a creature takes 6d8 Radiant damage and has the Blinded condition until the start of your next turn. On a successful save, it takes half as much damage only.

Until the spell ends, you can take a Magic action to create a new Line of radiance.

For the duration, a mote of brilliant radiance shines above you. It sheds Bright Light in a 30-foot radius and Dim Light for an additional 30 feet. This light is sunlight.",""
"Sunburst","PHB'24","329","8th","Action","Instantaneous","Evocation","150 feet","V, S, M (a piece of sunstone)","Cleric (PHB'24), Druid (PHB'24), Sorcerer (PHB'24), Wizard (PHB'24)","","Arcana (SCAG) Cleric, Arcana (SCAG) Cleric, Divine Soul (XGE) Sorcerer, Divine Soul (XGE) Sorcerer, Evoker (PHB'24) Wizard","Brilliant sunlight flashes in a 60-foot-radius Sphere centered on a point you choose within range. Each creature in the Sphere makes a Constitution saving throw. On a failed save, a creature takes 12d6 Radiant damage and has the Blinded condition for 1 minute. On a successful save, it takes half as much damage only.

A creature Blinded by this spell makes another Constitution saving throw at the end of each of its turns, ending the effect on itself on a success.

This spell dispels Darkness in its area that was created by any spell.",""
"Sword Burst","TCE","115","Cantrip","Action","Instantaneous","Conjuration","Self","V","Artificer (TCE), Artificer (EFA), Sorcerer (PHB'14), Sorcerer (PHB'24), Warlock (PHB'14), Warlock (PHB'24), Wizard (PHB'14), Wizard (PHB'24)","Sorcerer (PHB'14), Sorcerer (PHB'24), Warlock (PHB'14), Warlock (PHB'24), Wizard (PHB'14), Wizard (PHB'24)","Arcana (SCAG) Cleric, Arcana (SCAG) Cleric, Arcane Trickster (PHB'24) Rogue, Arcane Trickster (PHB'14) Rogue, Lore (PHB'24) Bard, Eldritch Knight (PHB'24) Fighter, Eldritch Knight (PHB'14) Fighter","You create a momentary circle of spectral blades that sweep around you. All other creatures within 5 feet of you must succeed on a Dexterity saving throw or take 1d6 force damage.

This spell's damage increases by 1d6 when you reach 5th level (2d6), 11th level (3d6), and 17th level (4d6).",""
"Synaptic Static","PHB'24","330","5th","Action","Instantaneous","Enchantment","120 feet","V, S","Bard (PHB'24), Sorcerer (PHB'24), Warlock (PHB'24), Wizard (PHB'24)","","Knowledge (FRHoF) Cleric","You cause psychic energy to erupt at a point within range. Each creature in a 20-foot-radius Sphere centered on that point makes an Intelligence saving throw, taking 8d6 Psychic damage on a failed save or half as much damage on a successful one.

On a failed save, a target also has muddled thoughts for 1 minute. During that time, it subtracts 1d6 from all its attack rolls and ability checks, as well as any Constitution saving throws to maintain Concentration. The target makes an Intelligence saving throw at the end of each of its turns, ending the effect on itself on a success.",""
"Tasha's Caustic Brew","TCE","115","1st","Action","Concentration, up to 1 minute","Evocation","Self","V, S, M (a bit of rotten food)","Artificer (TCE), Artificer (EFA)","Sorcerer (PHB'14), Sorcerer (PHB'24), Wizard (PHB'14), Wizard (PHB'24)","Arcane Trickster (PHB'24) Rogue, Arcane Trickster (PHB'14) Rogue, Lore (PHB'24) Bard, Eldritch Knight (PHB'24) Fighter, Eldritch Knight (PHB'14) Fighter, Evoker (PHB'24) Wizard","A stream of acid emanates from you in a line 30 feet long and 5 feet wide in a direction you choose. Each creature in the line must succeed on a Dexterity saving throw or be covered in acid for the spell's duration or until a creature uses its action to scrape or wash the acid off itself or another creature. A creature covered in the acid takes 2d4 acid damage at start of each of its turns.","At Higher Levels. When you cast this spell using a spell slot of 2nd level or higher, the damage increases by 2d4 for each slot level above 1st."
"Tasha's Mind Whip","TCE","115","2nd","Action","1 round","Enchantment","90 feet","V","","Sorcerer (PHB'14), Sorcerer (PHB'24), Wizard (PHB'14), Wizard (PHB'24)","Arcane Trickster (PHB'24) Rogue, Arcane Trickster (PHB'14) Rogue, Lore (PHB'24) Bard, Eldritch Knight (PHB'24) Fighter, Eldritch Knight (PHB'14) Fighter","You psychically lash out at one creature you can see within range. The target must make an Intelligence saving throw. On a failed save, the target takes 3d6 psychic damage, and it can't take a reaction until the end of its next turn. Moreover, on its next turn, it must choose whether it gets a move, an action, or a bonus action; it gets only one of the three. On a successful save, the target takes half as much damage and suffers none of the spell's other effects.","At Higher Levels. When you cast this spell using a spell slot of 3rd level or higher, you can target one additional creature for each slot level above 2nd. The creatures must be within 30 feet of each other when you target them."
"Tasha's Otherworldly Guise","TCE","116","6th","Bonus","Concentration, up to 1 minute","Transmutation","Self","V, S, M (an object engraved with a symbol of the Outer Planes, worth at least 500 gp)","","Sorcerer (PHB'14), Sorcerer (PHB'24), Warlock (PHB'14), Warlock (PHB'24), Wizard (PHB'14), Wizard (PHB'24)","Arcana (SCAG) Cleric, Arcana (SCAG) Cleric","Uttering an incantation, you draw on the magic of the Lower Planes or Upper Planes (your choice) to transform yourself. You gain the following benefits until the spell ends:

You are immune to fire and poison damage (Lower Planes) or radiant and necrotic damage (Upper Planes).You are immune to the poisoned condition (Lower Planes) or the charmed condition (Upper Planes).Spectral wings appear on your back, giving you a flying speed of 40 feet.You have a +2 bonus to AC.All your weapon attacks are magical, and when you make a weapon attack, you can use your spellcasting ability modifier, instead of Strength or Dexterity, for the attack and damage rolls.You can attack twice, instead of once, when you take the Attack action on your turn. You ignore this benefit if you already have a feature, like Extra Attack, that lets you attack more than once when you take the Attack action on your turn.",""
"Telekinesis","PHB'24","331","5th","Action","Concentration, up to 10 minutes","Transmutation","60 feet","V, S","Sorcerer (PHB'24), Wizard (PHB'24)","","Aberrant Mind (TCE) Sorcerer, Aberrant (PHB'24) Sorcerer, Feline Court (CBT) Warlock, Great Old One (PHB'24) Warlock, Psi Warrior (TCE) Fighter, Psi Warrior (PHB'24) Fighter, Great Old One (PHB'14) Warlock","You gain the ability to move or manipulate creatures or objects by thought. When you cast the spell and as a Magic action on your later turns before the spell ends, you can exert your will on one creature or object that you can see within range, causing the appropriate effect below. You can affect the same target round after round or choose a new one at any time. If you switch targets, the prior target is no longer affected by the spell.

Creature. You can try to move a Huge or smaller creature. The target must succeed on a Strength saving throw, or you move it up to 30 feet in any direction within the spell's range. Until the end of your next turn, the creature has the Restrained condition, and if you lift it into the air, it is suspended there. It falls at the end of your next turn unless you use this option on it again and it fails the save.

Object. You can try to move a Huge or smaller object. If the object isn't being worn or carried, you automatically move it up to 30 feet in any direction within the spell's range.

If the object is worn or carried by a creature, that creature must succeed on a Strength saving throw, or you pull the object away and move it up to 30 feet in any direction within the spell's range.

You can exert fine control on objects with your telekinetic grip, such as manipulating a simple tool, opening a door or a container, stowing or retrieving an item from an open container, or pouring the contents from a vial.",""
"Teleport","PHB'24","331","7th","Action","Instantaneous","Conjuration","10 feet","V","Bard (PHB'24), Sorcerer (PHB'24), Wizard (PHB'24)","","Arcana (SCAG) Cleric, Arcana (SCAG) Cleric","This spell instantly transports you and up to eight willing creatures that you can see within range, or a single object that you can see within range, to a destination you select. If you target an object, it must be Large or smaller, and it can't be held or carried by an unwilling creature.

The destination you choose must be known to you, and it must be on the same plane of existence as you. Your familiarity with the destination determines whether you arrive there successfully. The DM rolls 1d100 and consults the Teleportation Outcome table and the explanations after it.

Teleportation OutcomeFamiliarityMishapSimilar AreaOff TargetOn TargetPermanent circle———01-00Linked object———01-00Very familiar01-0506-1314-2425-00Seen casually01-3334-4344-5354-00Viewed once or described01-4344-5354-7374-00False destination01-5051-00—— Familiarity. Here are the meanings of the terms in the table's Familiarity column:

""Permanent circle"" means a permanent teleportation circle whose sigil sequence you know.""Linked object"" means you possess an object taken from the desired destination within the last six months, such as a book from a wizard's library.""Very familiar"" is a place you have visited often, a place you have carefully studied, or a place you can see when you cast the spell.""Seen casually"" is a place you have seen more than once but with which you aren't very familiar.""Viewed once or described"" is a place you have seen once, possibly using magic, or a place you know through someone else's description, perhaps from a map.""False destination"" is a place that doesn't exist. Perhaps you tried to scry an enemy's sanctum but instead viewed an illusion, or you are attempting to teleport to a location that no longer exists. Mishap. The spell's unpredictable magic results in a difficult journey. Each teleporting creature (or the target object) takes 3d10 Force damage, and the DM rerolls on the table to see where you wind up (multiple mishaps can occur, dealing damage each time).

Similar Area. You and your group (or the target object) appear in a different area that's visually or thematically similar to the target area. You appear in the closest similar place. If you are heading for your home laboratory, for example, you might appear in another person's laboratory in the same city.

Off Target. You and your group (or the target object) appear 2d12 miles away from the destination in a random direction. Roll 1d8 for the direction: 1, east; 2, southeast; 3, south; 4, southwest; 5, west; 6, northwest; 7, north; or 8, northeast.

On Target. You and your group (or the target object) appear where you intended.",""
"Teleportation Circle","PHB'24","332","5th","1 Min.","1 round","Conjuration","10 feet","V, M (rare inks worth 50+ GP, which the spell consumes)","Bard (PHB'24), Sorcerer (PHB'24), Warlock (PHB'24), Wizard (PHB'24)","","Arcana (SCAG) Cleric, Arcana (SCAG) Cleric, Cartographer (EFA) Artificer, Whistles (TCM'24) Bard, Horizon Walker (XGE) Ranger, Horizon Walker (XGE) Ranger","As you cast the spell, you draw a 5-foot-radius circle on the ground inscribed with sigils that link your location to a permanent teleportation circle of your choice whose sigil sequence you know and that is on the same plane of existence as you. A shimmering portal opens within the circle you drew and remains open until the end of your next turn. Any creature that enters the portal instantly appears within 5 feet of the destination circle or in the nearest unoccupied space if that space is occupied.

Many major temples, guildhalls, and other important places have permanent teleportation circles. Each circle includes a unique sigil sequence—a string of runes arranged in a particular pattern.

When you first gain the ability to cast this spell, you learn the sigil sequences for two destinations on the Material Plane, determined by the DM. You might learn additional sigil sequences during your adventures. You can commit a new sigil sequence to memory after studying it for 1 minute.

You can create a permanent teleportation circle by casting this spell in the same location every day for 365 days.",""
"Thunder Step","XGE","168","3rd","Action","Instantaneous","Conjuration","90 feet","V","","Sorcerer (PHB'14), Sorcerer (PHB'24), Warlock (PHB'14), Warlock (PHB'24), Wizard (PHB'14), Wizard (PHB'24)","Arcane Trickster (PHB'24) Rogue, Arcane Trickster (PHB'14) Rogue, Lore (PHB'24) Bard, Eldritch Knight (PHB'24) Fighter, Eldritch Knight (PHB'14) Fighter","You teleport yourself to an unoccupied space you can see within range. Immediately after you disappear, a thunderous boom sounds, and each creature within 10 feet of the space you left must make a Constitution saving throw, taking 3d10 thunder damage on a failed save, or half as much damage on a successful one. The thunder can be heard from up to 300 feet away.

You can bring along objects as long as their weight doesn't exceed what you can carry. You can also teleport one willing creature of your size or smaller who is carrying gear up to its carrying capacity. The creature must be within 5 feet of you when you cast this spell, and there must be an unoccupied space within 5 feet of your destination space for the creature to appear in; otherwise, the creature is left behind.","At Higher Levels. When you cast this spell using a spell slot of 4th level or higher, the damage increases by 1d10 for each slot level above 3rd."
"Thunderclap","PHB'24","333","Cantrip","Action","Instantaneous","Evocation","Self","S","Artificer (EFA), Bard (PHB'24), Druid (PHB'24), Sorcerer (PHB'24), Warlock (PHB'24), Wizard (PHB'24)","","Arcana (SCAG) Cleric, Arcana (SCAG) Cleric, Arcane Trickster (PHB'24) Rogue, Arcane Trickster (PHB'14) Rogue, Land (PHB'14) Druid, Lore (PHB'24) Bard, Moon (FRHoF) Bard, Eldritch Knight (PHB'24) Fighter, Eldritch Knight (PHB'14) Fighter, Evoker (PHB'24) Wizard, Nature (PHB'14) Cleric, Nature (PHB'14) Cleric, Strength (PSA) (PSA) Cleric, Strength (PSA) (PSA) Cleric","Each creature in a 5-foot Emanation originating from you must succeed on a Constitution saving throw or take 1d6 Thunder damage. The spell's thunderous sound can be heard up to 100 feet away.","Cantrip Upgrade. The damage increases by 1d6 when you reach levels 5 (2d6), 11 (3d6), and 17 (4d6)."
"Thunderwave","PHB'24","334","1st","Action","Instantaneous","Evocation","Self","V, S","Bard (PHB'24), Druid (PHB'24), Sorcerer (PHB'24), Wizard (PHB'24)","","Apocalypse (CBT) Cleric, Arcane Trickster (PHB'24) Rogue, Arcane Trickster (PHB'14) Rogue, Armorer (TCE) Artificer, Armorer (EFA) Artificer, Artillerist (TCE) Artificer, Artillerist (EFA) Artificer, Sea (PHB'24) Druid, Lore (PHB'24) Bard, Eldritch Knight (PHB'24) Fighter, Eldritch Knight (PHB'14) Fighter, Evoker (PHB'24) Wizard, Tempest (PHB'14) Cleric, Tempest (PHB'14) Cleric, Fathomless (TCE) Warlock, Fathomless (TCE) Warlock, Genie (Djinni) (TCE) Warlock, Genie (Djinni) (TCE) Warlock","You unleash a wave of thunderous energy. Each creature in a 15-foot Cube originating from you makes a Constitution saving throw. On a failed save, a creature takes 2d8 Thunder damage and is pushed 10 feet away from you. On a successful save, a creature takes half as much damage only.

In addition, unsecured objects that are entirely within the Cube are pushed 10 feet away from you, and a thunderous boom is audible within 300 feet.","Using a Higher-Level Spell Slot. The damage increases by 1d8 for each spell slot level above 1."
"Tidal Wave","XGE","168","3rd","Action","Instantaneous","Conjuration","120 feet","V, S, M (a drop of water)","","Druid (PHB'14), Druid (PHB'24), Sorcerer (PHB'14), Sorcerer (PHB'24), Wizard (PHB'14), Wizard (PHB'24)","Arcane Trickster (PHB'24) Rogue, Arcane Trickster (PHB'14) Rogue, Lore (PHB'24) Bard, Eldritch Knight (PHB'24) Fighter, Eldritch Knight (PHB'14) Fighter","You conjure up a wave of water that crashes down on an area within range. The area can be up to 30 feet long, up to 10 feet wide, and up to 10 feet tall. Each creature in that area must make a Dexterity saving throw. On a failed save, a creature takes 4d8 bludgeoning damage and is knocked prone. On a successful save, a creature takes half as much damage and isn't knocked prone. The water then spreads out across the ground in all directions, extinguishing unprotected flames in its area and within 30 feet of it, and then it vanishes.",""
"Tide of Darkness","CBT","0","1st","Action","1 round","Conjuration","Self","V, S","Sorcerer (PHB'24), Warlock (PHB'24), Wizard (PHB'24)","","Hungering Dark (CBT) Sorcerer","You unleash a wave of swirling shadows that fills an area next to you. Each creature in a 10-foot Cube of Darkness originating from you when you cast the spell makes a Wisdom saving throw. On a failed save, a creature takes 2d8 Psychic damage and is Blinded until it is no longer in the area of Darkness. On a successful save, it takes half as much damage and isn't Blinded. The Darkness lasts until the end of your next turn.","Using a Higher-Level Spell Slot. The size of the Cube increases by 5 feet for each spell slot level above 1."
"Time Stop","PHB'24","334","9th","Action","Instantaneous","Transmutation","Self","V","Sorcerer (PHB'24), Wizard (PHB'24)","","Arcana (SCAG) Cleric, Arcana (SCAG) Cleric","You briefly stop the flow of time for everyone but yourself. No time passes for other creatures, while you take 1d4 + 1 turns in a row, during which you can use actions and move as normal.

This spell ends if one of the actions you use during this period, or any effects that you create during it, affects a creature other than you or an object being worn or carried by someone other than you. In addition, the spell ends if you move to a place more than 1,000 feet from the location where you cast it.",""
"Tongues","PHB'24","334","3rd","Action","1 hour","Divination","Touch","V, M (a miniature ziggurat)","Bard (PHB'24), Cleric (PHB'24), Sorcerer (PHB'24), Warlock (PHB'24), Wizard (PHB'24)","","Arcane Trickster (PHB'24) Rogue, Arcane Trickster (PHB'14) Rogue, Lore (PHB'24) Bard, Divine Soul (XGE) Sorcerer, Divine Soul (XGE) Sorcerer, Diviner (PHB'24) Wizard, Eldritch Knight (PHB'24) Fighter, Eldritch Knight (PHB'14) Fighter, Knowledge (FRHoF) Cleric","This spell grants the creature you touch the ability to understand any spoken or signed language that it hears or sees. Moreover, when the target communicates by speaking or signing, any creature that knows at least one language can understand it if that creature can hear the speech or see the signing.",""
"True Seeing","PHB'24","336","6th","Action","1 hour","Divination","Touch","V, S, M (mushroom powder worth 25+ GP, which the spell consumes)","Bard (PHB'24), Cleric (PHB'24), Sorcerer (PHB'24), Warlock (PHB'24), Wizard (PHB'24)","","Arcana (SCAG) Cleric, Arcana (SCAG) Cleric, Divine Soul (XGE) Sorcerer, Divine Soul (XGE) Sorcerer, Diviner (PHB'24) Wizard","For the duration, the willing creature you touch has Truesight with a range of 120 feet.",""
"True Strike","PHB'24","336","Cantrip","Action","Instantaneous","Divination","Self","S, M (a weapon with which you have proficiency and that is worth 1+ CP)","Artificer (EFA), Bard (PHB'24), Sorcerer (PHB'24), Warlock (PHB'24), Wizard (PHB'24)","","Arcana (SCAG) Cleric, Arcana (SCAG) Cleric, Arcane Trickster (PHB'24) Rogue, Arcane Trickster (PHB'14) Rogue, Lore (PHB'24) Bard, Diviner (PHB'24) Wizard, Eldritch Knight (PHB'24) Fighter, Eldritch Knight (PHB'14) Fighter","Guided by a flash of magical insight, you make one attack with the weapon used in the spell's casting. The attack uses your spellcasting ability for the attack and damage rolls instead of using Strength or Dexterity. If the attack deals damage, it can be Radiant damage or the weapon's normal damage type (your choice).","Cantrip Upgrade. Whether you deal Radiant damage or the weapon's normal damage type, the attack deals extra Radiant damage when you reach levels 5 (1d6), 11 (2d6), and 17 (3d6)."
"Umbral Tendril","CBT","0","1st","Action","Instantaneous","Evocation","150 feet","V, S","Sorcerer (PHB'24), Warlock (PHB'24), Wizard (PHB'24)","","Hungering Dark (CBT) Sorcerer","You create a long tendril of life-stealing shadow that lashes out at a creature in range that you can see.

Make a ranged spell attack against the target. On a hit the target takes 2d8 Necrotic damage and you gain Temporary Hit Points equal to the damage dealt.","Using a Higher-Level Spell Slot. The damage increases by 1d8 for each spell slot level above 1."
"Unraveling Whisper","TCM'24","133","2nd","Action","1 round","Enchantment","30 feet","V, S","Bard (PHB'24), Sorcerer (PHB'24), Warlock (PHB'24), Wizard (PHB'24)","","","Choose a creature you can see within range and whisper a frightful phrase that only the target can hear. The target must make a Wisdom saving throw. On a failed save, the target takes 2d6 Psychic damage and has the Frightened condition until the start of your next turn. On a successful save, the target takes half as much damage only.

While Frightened in this way, the creature has Vulnerability to your choice of Bludgeoning, Piercing, or Slashing damage.","Using a Higher-Level Spell Slot. You can target one additional creature for each spell slot level above 2."
"Vampiric Touch","PHB'24","337","3rd","Action","Concentration, up to 1 minute","Necromancy","Self","V, S","Sorcerer (PHB'24), Warlock (PHB'24), Wizard (PHB'24)","","Arcane Trickster (PHB'24) Rogue, Arcane Trickster (PHB'14) Rogue, Lore (PHB'24) Bard, Crimson (TCM'14) Sorcerer, Crimson (TCM'14) Sorcerer, Crimson (TCM'24) Sorcerer, Death (DMG'14) Cleric, Death (DMG'14) Cleric, Eldritch Knight (PHB'24) Fighter, Eldritch Knight (PHB'14) Fighter, Grave (RHW) Cleric, Grave (XGE) Cleric, Lunar (DSotDQ) Sorcerer, Lunar (DSotDQ) Sorcerer, Ambition (PSA) (PSA) Cleric, Ambition (PSA) (PSA) Cleric","The touch of your shadow-wreathed hand can siphon life force from others to heal your wounds. Make a melee spell attack against one creature within reach. On a hit, the target takes 3d6 Necrotic damage, and you regain Hit Points equal to half the amount of Necrotic damage dealt.

Until the spell ends, you can make the attack again on each of your turns as a Magic action, targeting the same creature or a different one.","Using a Higher-Level Spell Slot. The damage increases by 1d6 for each spell slot level above 3."
"Veil of the Reaper","TCM'24","133","2nd","Bonus","Concentration, up to 1 minute","Illusion","Self","V, S, M (a dried corn husk or wheat straw)","Ranger (PHB'24), Sorcerer (PHB'24), Warlock (PHB'24), Wizard (PHB'24)","","","You wrap yourself in shadows that veil you between strikes. At the end of any turn in which you hit a creature with an attack roll, you gain the Invisible condition until the start of your next turn.",""
"Vitriolic Sphere","PHB'24","337","4th","Action","Instantaneous","Evocation","150 feet","V, S, M (a drop of bile)","Sorcerer (PHB'24), Wizard (PHB'24)","","Alchemist (EFA) Artificer, Arcane Trickster (PHB'14) Rogue, Arcane Trickster (PHB'24) Rogue, Eldritch Knight (PHB'14) Fighter, Eldritch Knight (PHB'24) Fighter, Evoker (PHB'24) Wizard","You point at a location within range, and a glowing, 1-foot-diameter ball of acid streaks there and explodes in a 20-foot-radius Sphere. Each creature in that area makes a Dexterity saving throw. On a failed save, a creature takes 10d4 Acid damage and another 5d4 Acid damage at the end of its next turn. On a successful save, a creature takes half the initial damage only.","Using a Higher-Level Spell Slot. The initial damage increases by 2d4 for each spell slot level above 4."
"Voorish Sign","CBT","0","3rd","Bonus","Instantaneous","Abjuration","120 feet","S","Sorcerer (PHB'24), Warlock (PHB'24), Wizard (PHB'24)","","","You have mastered the Voorish sign, a sigil from an ancient era said to predate the world's creation. Choose a creature that you can see within range. When you would normally roll one or more dice to deal damage to that creature with a spell, don't roll those dice for the damage; instead use the highest number possible for each die. In addition, you can choose a spell of level 5 or lower that you can cast, that has a casting time of an action. You can cast that spell as part of casting Voorish Sign, expending spell slots for both.",""
"Vortex Warp","SCC","38","2nd","Action","Instantaneous","Conjuration","90 feet","V, S","Artificer (TCE), Artificer (EFA), Sorcerer (PHB'14), Sorcerer (PHB'24), Wizard (PHB'14), Wizard (PHB'24)","","Arcane Trickster (PHB'24) Rogue, Arcane Trickster (PHB'14) Rogue, Lore (PHB'24) Bard, Eldritch Knight (PHB'24) Fighter, Eldritch Knight (PHB'14) Fighter","You magically twist space around another creature you can see within range. The target must succeed on a Constitution saving throw (the target can choose to fail), or the target is teleported to an unoccupied space of your choice that you can see within range. The chosen space must be on a surface or in a liquid that can support the target without the target having to squeeze.","At Higher Levels. When you cast this spell using a spell slot of 3rd level or higher, the range of the spell increases by 30 feet for each slot level above 2nd."
"Wall of Fire","PHB'24","338","4th","Action","Concentration, up to 1 minute","Evocation","120 feet","V, S, M (a piece of charcoal)","Druid (PHB'24), Sorcerer (PHB'24), Wizard (PHB'24)","","Arcane Trickster (PHB'14) Rogue, Arcane Trickster (PHB'24) Rogue, Artillerist (TCE) Artificer, Artillerist (EFA) Artificer, Celestial (PHB'24) Warlock, Eldritch Knight (PHB'14) Fighter, Eldritch Knight (PHB'24) Fighter, Evoker (PHB'24) Wizard, Fiend (PHB'24) Warlock, Forge (XGE) Cleric, Forge (XGE) Cleric, Light (PHB'14) Cleric, Light (PHB'24) Cleric, Spellfire (FRHoF) Sorcerer, Celestial (XGE) Warlock, Fiend (PHB'14) Warlock","You create a wall of fire on a solid surface within range. You can make the wall up to 60 feet long, 20 feet high, and 1 foot thick, or a ringed wall up to 20 feet in diameter, 20 feet high, and 1 foot thick. The wall is opaque and lasts for the duration.

When the wall appears, each creature in its area makes a Dexterity saving throw, taking 5d8 Fire damage on a failed save or half as much damage on a successful one.

One side of the wall, selected by you when you cast this spell, deals 5d8 Fire damage to each creature that ends its turn within 10 feet of that side or inside the wall. A creature takes the same damage when it enters the wall for the first time on a turn or ends its turn there. The other side of the wall deals no damage.","Using a Higher-Level Spell Slot. The damage increases by 1d8 for each spell slot level above 4."
"Wall of Light","XGE","170","5th","Action","Concentration, up to 10 minutes","Evocation","120 feet","V, S, M (a hand mirror)","","Sorcerer (PHB'14), Sorcerer (PHB'24), Warlock (PHB'14), Warlock (PHB'24), Wizard (PHB'14), Wizard (PHB'24)","Evoker (PHB'24) Wizard","A shimmering wall of bright light appears at a point you choose within range. The wall appears in any orientation you choose: horizontally, vertically, or diagonally. It can be free floating, or it can rest on a solid surface. The wall can be up to 60 feet long, 10 feet high, and 5 feet thick. The wall blocks line of sight, but creatures and objects can pass through it. It emits bright light out to 120 feet and dim light for an additional 120 feet.

When the wall appears, each creature in its area must make a Constitution saving throw. On a failed save, a creature takes 4d8 radiant damage, and it is blinded for 1 minute. On a successful save, it takes half as much damage and isn't blinded. A blinded creature can make a Constitution saving throw at the end of each of its turns, ending the effect on itself on a success.

A creature that ends its turn in the wall's area takes 4d8 radiant damage.

Until the spell ends, you can use an action to launch a beam of radiance from the wall at one creature you can see within 60 feet of it. Make a ranged spell attack. On a hit, the target takes 4d8 radiant damage. Whether you hit or miss, reduce the length of the wall by 10 feet. If the wall's length drops to 0 feet, the spell ends.","At Higher Levels. When you cast this spell using a spell slot of 6th level or higher, the damage increases by 1d8 for each slot level above 5th."
"Wall of Stone","PHB'24","339","5th","Action","Concentration, up to 10 minutes","Evocation","120 feet","V, S, M (a cube of granite)","Artificer (EFA), Druid (PHB'24), Sorcerer (PHB'24), Wizard (PHB'24)","","Land (Desert) (PHB'14) Druid, Land (Mountain) (PHB'14) Druid, Land (Arid Land) (PHB'24) Druid, Evoker (PHB'24) Wizard, Genie (Dao) (TCE) Warlock, Genie (Dao) (TCE) Warlock","A nonmagical wall of solid stone springs into existence at a point you choose within range. The wall is 6 inches thick and is composed of ten 10-foot-by-10-foot panels. Each panel must be contiguous with another panel. Alternatively, you can create 10-foot-by-20-foot panels that are only 3 inches thick.

If the wall cuts through a creature's space when it appears, the creature is pushed to one side of the wall (you choose which side). If a creature would be surrounded on all sides by the wall (or the wall and another solid surface), that creature can make a Dexterity saving throw. On a success, it can use its Reaction to move up to its Speed so that it is no longer enclosed by the wall.

The wall can have any shape you desire, though it can't occupy the same space as a creature or object. The wall doesn't need to be vertical or rest on a firm foundation. It must, however, merge with and be solidly supported by existing stone. Thus, you can use this spell to bridge a chasm or create a ramp.

If you create a span greater than 20 feet in length, you must halve the size of each panel to create supports. You can crudely shape the wall to create battlements and the like.

The wall is an object made of stone that can be damaged and thus breached. Each panel has AC 15 and 30 Hit Points per inch of thickness, and it has Immunity to Poison and Psychic damage. Reducing a panel to 0 Hit Points destroys it and might cause connected panels to collapse at the DM's discretion.

If you maintain your Concentration on this spell for its full duration, the wall becomes permanent and can't be dispelled. Otherwise, the wall disappears when the spell ends.",""
"Wall of Water","XGE","170","3rd","Action","Concentration, up to 10 minutes","Evocation","60 feet","V, S, M (a drop of water)","","Druid (PHB'14), Druid (PHB'24), Sorcerer (PHB'14), Sorcerer (PHB'24), Wizard (PHB'14), Wizard (PHB'24)","Arcane Trickster (PHB'24) Rogue, Arcane Trickster (PHB'14) Rogue, Lore (PHB'24) Bard, Eldritch Knight (PHB'24) Fighter, Eldritch Knight (PHB'14) Fighter, Evoker (PHB'24) Wizard","You create a wall of water on the ground at a point you can see within range. You can make the wall up to 30 feet long, 10 feet high, and 1 foot thick, or you can make a ringed wall up to 20 feet in diameter, 20 feet high, and 1 foot thick. The wall vanishes when the spell ends. The wall's space is difficult terrain.

Any ranged weapon attack that enters the wall's space has disadvantage on the attack roll, and fire damage is halved if the fire effect passes through the wall to reach its target. Spells that deal cold damage that pass through the wall cause the area of the wall they pass through to freeze solid (at least a 5-foot-square section is frozen). Each 5-foot-square frozen section has AC 5 and 15 hit points. Reducing a frozen section to 0 hit points destroys it. When a section is destroyed, the wall's water doesn't fill it.",""
"Warding Wind","XGE","170","2nd","Action","Concentration, up to 10 minutes","Evocation","Self","V","","Bard (PHB'14), Bard (PHB'24), Druid (PHB'14), Druid (PHB'24), Sorcerer (PHB'14), Sorcerer (PHB'24), Wizard (PHB'14), Wizard (PHB'24)","Arcane Trickster (PHB'24) Rogue, Arcane Trickster (PHB'14) Rogue, Lore (PHB'24) Bard, Eldritch Knight (PHB'24) Fighter, Eldritch Knight (PHB'14) Fighter, Evoker (PHB'24) Wizard","A strong wind (20 miles per hour) blows around you in a 10-foot radius and moves with you, remaining centered on you. The wind lasts for the spell's duration.

The wind has the following effects:

It deafens you and other creatures in its area.It extinguishes unprotected flames in its area that are torch-sized or smaller.It hedges out vapor, gas, and fog that can be dispersed by strong wind.The area is difficult terrain for creatures other than you.The attack rolls of ranged weapon attacks have disadvantage if the attacks pass in or out of the wind.",""
"Warp Sense","SatO","12","2nd","Action","Concentration, up to 1 minute","Divination","Self","V, S, M (a razorvine leaf)","Sorcerer (PHB'14), Sorcerer (PHB'24), Warlock (PHB'14), Warlock (PHB'24), Wizard (PHB'14), Wizard (PHB'24)","","Arcane Trickster (PHB'24) Rogue, Arcane Trickster (PHB'14) Rogue, Lore (PHB'24) Bard, Diviner (PHB'24) Wizard, Eldritch Knight (PHB'24) Fighter, Eldritch Knight (PHB'14) Fighter","For the duration, you sense the presence of portals, even inactive ones, within 30 feet of yourself.

If you detect a portal in this way, you can use your action to study it. Make a DC 15 ability check using your spellcasting ability. On a successful check, you learn the destination plane of the portal and what portal key it requires, then the spell ends. On a failed check, you learn nothing and can't study that portal again using this spell until you cast it again.

The spell can penetrate most barriers but is blocked by 1 foot of stone, 1 inch of common metal, a thin sheet of lead, or 3 feet of wood or dirt.",""
"Water Breathing","PHB'24","340","3rd","Action","24 hours","Transmutation (ritual)","30 feet","V, S, M (a short reed)","Artificer (EFA), Druid (PHB'24), Ranger (PHB'24), Sorcerer (PHB'24), Wizard (PHB'24)","","Arcane Trickster (PHB'24) Rogue, Arcane Trickster (PHB'14) Rogue, Land (Coast) (PHB'14) Druid, Sea (PHB'24) Druid, Lore (PHB'24) Bard, Eldritch Knight (PHB'24) Fighter, Eldritch Knight (PHB'14) Fighter","This spell grants up to ten willing creatures of your choice within range the ability to breathe underwater until the spell ends. Affected creatures also retain their normal mode of respiration.",""
"Water Walk","PHB'24","340","3rd","Action","1 hour","Transmutation (ritual)","30 feet","V, S, M (a piece of cork)","Artificer (EFA), Cleric (PHB'24), Druid (PHB'24), Ranger (PHB'24), Sorcerer (PHB'24)","","Land (Coast) (PHB'14) Druid, Land (Swamp) (PHB'14) Druid, Lore (PHB'24) Bard, Divine Soul (XGE) Sorcerer, Divine Soul (XGE) Sorcerer","This spell grants the ability to move across any liquid surface—such as water, acid, mud, snow, quicksand, or lava—as if it were harmless solid ground (creatures crossing molten lava can still take damage from the heat). Up to ten willing creatures of your choice within range gain this ability for the duration.

An affected target must take a Bonus Action to pass from the liquid's surface into the liquid itself and vice versa, but if the target falls into the liquid, the target passes through the surface into the liquid below.",""
"Watery Sphere","XGE","170","4th","Action","Concentration, up to 1 minute","Conjuration","90 feet","V, S, M (a droplet of water)","","Druid (PHB'14), Druid (PHB'24), Sorcerer (PHB'14), Sorcerer (PHB'24), Wizard (PHB'14), Wizard (PHB'24)","Arcane Trickster (PHB'14) Rogue, Arcane Trickster (PHB'24) Rogue, Eldritch Knight (PHB'14) Fighter, Eldritch Knight (PHB'24) Fighter","You conjure up a sphere of water with a 5-foot radius at a point you can see within range. The sphere can hover but no more than 10 feet off the ground. The sphere remains for the spell's duration.

Any creature in the sphere's space must make a Strength saving throw. On a successful save, a creature is ejected from that space to the nearest unoccupied space of the creature's choice outside the sphere. A Huge or larger creature succeeds on the saving throw automatically, and a Large or smaller creature can choose to fail it. On a failed save, a creature is restrained by the sphere and is engulfed by the water. At the end of each of its turns, a restrained target can repeat the saving throw, ending the effect on itself on a success.

The sphere can restrain as many as four Medium or smaller creatures or one Large creature. If the sphere restrains a creature that causes it to exceed this capacity, a random creature that was already restrained by the sphere falls out of it and lands prone in a space within 5 feet of it.

As an action, you can move the sphere up to 30 feet in a straight line. If it moves over a pit, a cliff, or other drop-off, it safely descends until it is hovering 10 feet above the ground. Any creature restrained by the sphere moves with it. You can ram the sphere into creatures, forcing them to make the saving throw.

When the spell ends, the sphere falls to the ground and extinguishes all normal flames within 30 feet of it. Any creature restrained by the sphere is knocked prone in the space where it falls. The water then vanishes.",""
"Wave of Oblivion","CBT","0","9th","Action","Instantaneous","Evocation","Self","S","Sorcerer (PHB'24), Warlock (PHB'24), Wizard (PHB'24)","","","You create a 30-foot Cone of oblivion. Each Bloodied creature in the Cone makes a Constitution saving throw. On a failed save a creature dies, and it and everything nonmagical it is wearing and carrying are turned to dust. The target can be revived only by a True Resurrection or a Wish spell.",""
"Web","PHB'24","340","2nd","Action","Concentration, up to 1 hour","Conjuration","60 feet","V, S, M (a bit of spiderweb)","Artificer (EFA), Sorcerer (PHB'24), Wizard (PHB'24)","","Arcane Trickster (PHB'24) Rogue, Arcane Trickster (PHB'14) Rogue, Land (Tropical Land) (PHB'24) Druid, Land (Underdark) (PHB'14) Druid, Lore (PHB'24) Bard, Eldritch Knight (PHB'24) Fighter, Eldritch Knight (PHB'14) Fighter, Swarmkeeper (TCE) Ranger, Swarmkeeper (TCE) Ranger","You conjure a mass of sticky webbing at a point within range. The webs fill a 20-foot Cube there for the duration. The webs are Difficult Terrain, and the area within them is Lightly Obscured.

If the webs aren't anchored between two solid masses (such as walls or trees) or layered across a floor, wall, or ceiling, the web collapses on itself, and the spell ends at the start of your next turn. Webs layered over a flat surface have a depth of 5 feet.

The first time a creature enters the webs on a turn or starts its turn there, it must succeed on a Dexterity saving throw or have the Restrained condition while in the webs or until it breaks free.

A creature Restrained by the webs can take an action to make a Strength (Athletics) check against your spell save DC. If it succeeds, it is no longer Restrained.

The webs are flammable. Any 5-foot Cube of webs exposed to fire burns away in 1 round, dealing 2d4 Fire damage to any creature that starts its turn in the fire.",""
"Whirlwind","XGE","171","7th","Action","Concentration, up to 1 minute","Evocation","300 feet","V, M (a piece of straw)","","Druid (PHB'14), Druid (PHB'24), Sorcerer (PHB'14), Sorcerer (PHB'24), Wizard (PHB'14), Wizard (PHB'24)","Arcana (SCAG) Cleric, Arcana (SCAG) Cleric, Evoker (PHB'24) Wizard","A whirlwind howls down to a point that you can see on the ground within range. The whirlwind is a 10-foot-radius, 30-foot-high cylinder centered on that point. Until the spell ends, you can use your action to move the whirlwind up to 30 feet in any direction along the ground. The whirlwind sucks up any Medium or smaller objects that aren't secured to anything and that aren't worn or carried by anyone.

A creature must make a Dexterity saving throw the first time on a turn that it enters the whirlwind or that the whirlwind enters its space, including when the whirlwind first appears. A creature takes 10d6 bludgeoning damage on a failed save, or half as much damage on a successful one. In addition, a Large or smaller creature that fails the save must succeed on a Strength saving throw or become restrained in the whirlwind until the spell ends. When a creature starts its turn restrained by the whirlwind, the creature is pulled 5 feet higher inside it, unless the creature is at the top. A restrained creature moves with the whirlwind and falls when the spell ends, unless the creature has some means to stay aloft.

A restrained creature can use an action to make a Strength or Dexterity check against your spell save DC. If successful, the creature is no longer restrained by the whirlwind and is hurled 3d6 × 10 feet away from it in a random direction.",""
"Wish","PHB'24","341","9th","Action","Instantaneous","Conjuration","Self","V","Sorcerer (PHB'24), Wizard (PHB'24)","","Arcana (SCAG) Cleric, Arcana (SCAG) Cleric, Genie (TCE) Warlock, Genie (TCE) Warlock","Wish is the mightiest spell a mortal can cast. By simply speaking aloud, you can alter reality itself.

The basic use of this spell is to duplicate any other spell of level 8 or lower. If you use it this way, you don't need to meet any requirements to cast that spell, including costly components. The spell simply takes effect.

Alternatively, you can create one of the following effects of your choice:

Object Creation. You create one object of up to 25,000 GP in value that isn't a magic item. The object can be no more than 300 feet in any dimension, and it appears in an unoccupied space that you can see on the ground.

Instant Health. You allow yourself and up to twenty creatures that you can see to regain all Hit Points, and you end all effects on them listed in the Greater Restoration spell.

Resistance. You grant up to ten creatures that you can see Resistance to one damage type that you choose. This Resistance is permanent.

Spell Immunity. You grant up to ten creatures you can see immunity to a single spell or other magical effect for 8 hours.

Sudden Learning. You replace one of your feats with another feat for which you are eligible. You lose all the benefits of the old feat and gain the benefits of the new one. You can't replace a feat that is a prerequisite for any of your other feats or features.

Roll Redo. You undo a single recent event by forcing a reroll of any die roll made within the last round (including your last turn). Reality reshapes itself to accommodate the new result. For example, a Wish spell could undo an ally's failed saving throw or a foe's Critical Hit. You can force the reroll to be made with Advantage or Disadvantage, and you choose whether to use the reroll or the original roll.

Reshape Reality. You may wish for something not included in any of the other effects. To do so, state your wish to the DM as precisely as possible. The DM has great latitude in ruling what occurs in such an instance; the greater the wish, the greater the likelihood that something goes wrong. This spell might simply fail, the effect you desire might be achieved only in part, or you might suffer an unforeseen consequence as a result of how you worded the wish. For example, wishing that a villain were dead might propel you forward in time to a period when that villain is no longer alive, effectively removing you from the game. Similarly, wishing for a Legendary magic item or an Artifact might instantly transport you to the presence of the item's current owner. If your wish is granted and its effects have consequences for a whole community, region, or world, you are likely to attract powerful foes. If your wish would affect a god, the god's divine servants might instantly intervene to prevent it or to encourage you to craft the wish in a particular way. If your wish would undo the multiverse itself, threaten the City of Sigil, or affect the Lady of Pain in any way, you see an image of her in your mind for a moment; she shakes her head, and your wish fails.

The stress of casting Wish to produce any effect other than duplicating another spell weakens you. After enduring that stress, each time you cast a spell until you finish a Long Rest, you take 1d10 Necrotic damage per level of that spell. This damage can't be reduced or prevented in any way. In addition, your Strength score becomes 3 for 2d4 days. For each of those days that you spend resting and doing nothing more than light activity, your remaining recovery time decreases by 2 days. Finally, there is a 33 percent chance that you are unable to cast Wish ever again if you suffer this stress.",""
"Witch Bolt","PHB'24","343","1st","Action","Concentration, up to 1 minute","Evocation","60 feet","V, S, M (a twig struck by lightning)","Sorcerer (PHB'24), Warlock (PHB'24), Wizard (PHB'24)","","Arcane Trickster (PHB'24) Rogue, Arcane Trickster (PHB'14) Rogue, Lore (PHB'24) Bard, Eldritch Knight (PHB'24) Fighter, Eldritch Knight (PHB'14) Fighter, Evoker (PHB'24) Wizard, Reanimator (RHW) Artificer","A beam of crackling energy lances toward a creature within range, forming a sustained arc of lightning between you and the target. Make a ranged spell attack against it. On a hit, the target takes 2d12 Lightning damage.

On each of your subsequent turns, you can take a Bonus Action to deal 1d12 Lightning damage to the target automatically, even if the first attack missed.

The spell ends if the target is ever outside the spell's range or if it has Total Cover from you.","Using a Higher-Level Spell Slot. The initial damage increases by 1d12 for each spell slot level above 1."
"Wither and Bloom","SCC","38","2nd","Action","Instantaneous","Necromancy","60 feet","V, S, M (a withered vine twisted into a loop)","Druid (PHB'14), Druid (PHB'24), Sorcerer (PHB'14), Sorcerer (PHB'24), Wizard (PHB'14), Wizard (PHB'24)","","Arcane Trickster (PHB'24) Rogue, Arcane Trickster (PHB'14) Rogue, Lore (PHB'24) Bard, Eldritch Knight (PHB'24) Fighter, Eldritch Knight (PHB'14) Fighter","You invoke both death and life upon a 10-foot-radius sphere centered on a point within range. Each creature of your choice in that area must make a Constitution saving throw, taking 2d6 necrotic damage on a failed save, or half as much damage on a successful one. Nonmagical vegetation in that area withers.

In addition, one creature of your choice in that area can spend and roll one of its unspent Hit Dice and regain a number of hit points equal to the roll plus your spellcasting ability modifier.","At Higher Levels. When you cast this spell using a spell slot of 3rd level or higher, the damage increases by 1d6 for each slot above the 2nd, and the number of Hit Dice that can be spent and added to the healing roll increases by one for each slot above 2nd."